rank,payee_address,sampled_settlements_last30d,share_of_sampled_settlements
1,0xa9dd7cc9cbf0e05551332209289f04be36bc2315,1764,0.2063
2,0x7284d41b5b852f2bd4c99bdf95043d84452d299c,1321,0.1545
3,0x85b47b40455ab2bd7921f76dce841b48c82d627c,709,0.0829
4,0x9c955c40dc98fce89a133f402ffbf94070e6e299,431,0.0504
5,0xe9030014f5dae217d0a152f02a043567b16c1abf,242,0.0283
6,0xf000ab8b02aa5c52b62bdb10bf63312317e994fc,229,0.0268
7,0x0e3df9510de65469c4518d7843919c0b8c7a7757,186,0.0217
8,0x68396bd35874695ad86cd29410bd80a550991a2b,132,0.0154
9,0x0d083590c048a243e24a75e3a7c968145de25b44,124,0.0145
10,0x7ce7563f763fa1a8c00b7b58c3ea5c502c4614ff,118,0.0138
11,0x3e0a7c9a79f0646fc4e72d52b5ee8877f5aa78e7,114,0.0133
12,0x5aae638ccd22a4117c0441331e8e86ca979d482e,114,0.0133
13,0x589a2314a2e05f45e40c4823da3ba58d421db3d8,114,0.0133
14,0x86b1b1be6caa9c46583ae5e414f4b348efa92f66,110,0.0129
15,0x325bdf6f7efab24a2210c48c1b64cab2eae1d430,110,0.0129
16,0x158e90dd58fbe897ed8c244f472febee37283d00,103,0.012
17,0x17cd53c04d707ef0dd615ef56c633f02915a7905,97,0.0113
18,0x942bd3e3073543c674efc0c378d5bce20f9120c1,73,0.0085
19,0xc67d94504696960ba0f2e7c3fee703950734c00a,71,0.0083
20,0x159be9e316bc5fac8ce05aec4eaae46e8f8a4908,61,0.0071
