kind,address,txs_in_sample
tx.to,0x833589fcd6edb6e08f4c7c32d4f71b54bda02913,52828
tx.to,0xca11bde05977b3631167028862be2a173976ca11,3924
tx.to,0x6d27486790ce5918f1bc68be3fccc25304d09d31,2107
tx.to,0x887749abb233682aa7d5594a54659c51501445b1,932
tx.to,0x73fc659cd5494e69852be8d9d23fe05aab14b29b,816
tx.to,0x5ff137d4b0fdcd49dca30c7cf57e578a026d2789,627
tx.to,0x8e7769d440b3460b92159dd9c6d17302b036e2d6,126
tx.to,0xa757c9421a5d38f5b0402c41abc76332e164a413,109
tx.to,0x77e4be31bfd7c4f62ad2b503b86391cd17d938b0,78
tx.to,0xccc88a9d1b4ed6b0eaba998850414b24f1c315be,70
tx.to,0x5af5194b4b0909eb978e3cf1e25333852277f07d,70
tx.to,0x8aee621035d93deb3c0c1177fac252dc2dd501a0,44
tx.to,0x0000000071727de22e5e9d8baf0edac6f37da032,43
tx.to,0xe742f9df04a61ac0a6aea0b87d3c3b96ac6eea88,29
tx.to,0xea70a001d6031394d0cb7814154ee67cfdabb05a,22
tx.to,0x57b2b4288220005234c0e88a04a7943193971d21,17
tx.to,0xf106dccd7bce43f5cc2dfe0880d0fe6df44d8196,15
tx.to,0x8ec1e581abef8239c300fe8803a4fe3ca6b26c99,15
tx.to,0x6351c235e6f7e08f80974009d01829e5a8250d62,15
tx.to,0x6c6551d0cc6315d0be562c5b855b667ee32a5298,13
tx.to,0xc9646579b57aa0bc252e662eff978b9259f65a08,12
tx.to,0xedfea6336c922f896c7e09ba282beb0cb4476675,11
tx.to,0x13ca6f589257ba7759b29c9af8b7ed3153c46587,11
tx.to,0xcf3d89aedd07ee94e5c45037581744e2d9f0b9fc,10
tx.to,0x998d7c178a1f9607b47ea3a8e22426451b3ce707,10
tx.from,0x68a96f41ff1e9f2e7b591a931a4ad224e7c07863,3196
tx.from,0xa32ccda98ba7529705a059bd2d213da8de10d101,3168
tx.from,0x97acce27d5069544480bde0f04d9f47d7422a016,3139
tx.from,0x67b9ce703d9ce658d7c4ac3c289cea112fe662af,3121
tx.from,0x8f5cb67b49555e614892b7233cfddebfb746e531,3118
tx.from,0xc6699d2aada6c36dfea5c248dd70f9cb0235cb63,2613
tx.from,0xb2bd29925cbbcea7628279c91945ca5b98bf371b,2549
tx.from,0x80735b3f7808e2e229ace880dbe85e80115631ca,2085
tx.from,0x7f72a02c682e908d46a5677fe937cdb612d94a3b,2085
tx.from,0xdbdf3d8ed80f84c35d01c6c9f9271761bad90ba6,1425
tx.from,0x279e08f711182c79ba6d09669127a426228a4653,1423
tx.from,0xe72f0af4cf41356d433723547f1412ca27fbb1b8,922
tx.from,0x2a89407a98a0732b7fd578c4e156b7166540eb5a,919
tx.from,0xca5e87f82b3fa093800e6ad67d621a427d79c70d,918
tx.from,0x64cc42b1ce598e3abcfbb64df4688521ddbf1f0a,917
tx.from,0x8cda367232d78c067116e3260da881d2da8ffa39,910
tx.from,0x93f6601151ccb08f333ab4b1cccfb1e188c0be44,904
tx.from,0xe74817f4cdc15844314812b2271276e64e890fae,904
tx.from,0x4c934c63c786157fefd990945b25ea60a0fb0205,898
tx.from,0x772003a2e9c2ccc8af956870a37a66f64f8cec38,895
tx.from,0xb87e1a2cc2b4643f2892768e80e41167f17c5860,888
tx.from,0x42dd53906b49c202e8e934b059dc019e04634b00,888
tx.from,0x625d8a65134079f8faaac39a7947c73d93c6ac39,887
tx.from,0x68efafe862d89ce66dd3d7b07d5a3747a0871164,882
tx.from,0x14fda13953fc30428938e6bf950d036e77214e52,866
