day_index,window,start_block,blocks,authorization_used_events,txs,txs_with_sender_lookup
0,0,29639506,40,3,3,3
0,1,29650306,40,8,3,3
0,2,29661106,40,5,4,4
0,3,29671906,40,3,3,0
1,0,29682706,40,1,1,1
1,1,29693506,40,6,3,3
1,2,29704306,40,7,6,6
1,3,29715106,40,5,3,0
2,0,29725906,40,3,3,3
2,1,29736706,40,18,7,7
2,2,29747506,40,4,3,3
2,3,29758306,40,22,7,1
3,0,29769106,40,45,12,12
3,1,29779906,40,33,8,8
3,2,29790706,40,8,3,3
3,3,29801506,40,3,3,0
4,0,29812306,40,2,1,1
4,1,29823106,40,8,4,4
4,2,29833906,40,3,2,2
5,0,29855506,40,1,1,1
5,1,29866306,40,1,1,1
5,2,29877106,40,0,0,0
5,3,29887906,40,2,2,0
6,0,29898706,40,3,3,3
6,1,29909506,40,0,0,0
6,2,29920306,40,15,7,7
6,3,29931106,40,2,2,1
7,0,29941906,40,3,3,3
7,1,29952706,40,2,2,2
7,3,29974306,40,3,3,1
8,0,29985106,40,1,1,1
8,1,29995906,40,1,1,1
8,3,30017506,40,0,0,0
9,0,30028306,40,0,0,0
9,1,30039106,40,2,2,2
9,2,30049906,40,2,2,2
9,3,30060706,40,4,3,0
10,0,30071506,40,2,2,0
10,1,30082306,40,0,0,0
11,0,30114706,40,0,0,0
11,1,30125506,40,0,0,0
11,2,30136306,40,0,0,0
11,3,30147106,40,5,4,3
12,0,30157906,40,2,2,0
12,1,30168706,40,2,2,2
12,2,30179506,40,6,3,3
13,0,30201106,40,1,1,1
13,1,30211906,40,0,0,0
13,2,30222706,40,0,0,0
13,3,30233506,40,0,0,0
14,0,30244306,40,0,0,0
14,1,30255106,40,0,0,0
14,2,30265906,40,0,0,0
14,3,30276706,40,7,4,0
15,0,30287506,40,3,2,2
15,1,30298306,40,1,1,1
16,0,30330706,40,0,0,0
16,1,30341506,40,2,2,1
16,2,30352306,40,2,2,1
16,3,30363106,40,2,2,0
17,0,30373906,40,1,1,1
17,1,30384706,40,1,1,1
17,2,30395506,40,0,0,0
18,0,30417106,40,0,0,0
18,1,30427906,40,0,0,0
18,2,30438706,40,3,3,3
18,3,30449506,40,2,2,0
19,0,30460306,40,3,3,3
19,1,30471106,40,0,0,0
19,2,30481906,40,4,3,3
19,3,30492706,40,3,2,0
20,0,30503506,40,1,1,1
20,1,30514306,40,0,0,0
20,2,30525106,40,3,3,3
20,3,30535906,40,2,2,0
21,0,30546706,40,1,1,1
21,1,30557506,40,1,1,1
21,2,30568306,40,3,3,3
21,3,30579106,40,3,3,2
22,0,30589906,40,1,1,1
22,1,30600706,40,1,1,1
22,3,30622306,40,7,5,4
23,0,30633106,40,2,2,2
23,1,30643906,40,1,1,1
23,3,30665506,40,2,2,0
24,0,30676306,40,0,0,0
24,1,30687106,40,1,1,1
25,0,30719506,40,3,3,3
25,1,30730306,40,0,0,0
26,0,30762706,40,7,5,5
26,1,30773506,40,0,0,0
26,2,30784306,40,6,5,5
26,3,30795106,40,4,3,0
27,0,30805906,40,8,4,4
27,1,30816706,40,2,1,1
27,2,30827506,40,4,3,3
27,3,30838306,40,2,2,0
28,0,30849106,40,1,1,1
28,1,30859906,40,1,1,1
28,2,30870706,40,2,2,1
28,3,30881506,40,5,5,0
29,0,30892306,40,2,2,0
29,1,30903106,40,1,1,1
30,0,30935506,40,2,2,2
30,1,30946306,40,0,0,0
30,2,30957106,40,0,0,0
31,0,30978706,40,1,1,1
31,1,30989506,40,1,1,1
32,0,31021906,40,0,0,0
32,1,31032706,40,0,0,0
32,3,31054306,40,4,4,3
33,0,31065106,40,2,2,1
33,1,31075906,40,3,3,3
34,0,31108306,40,2,2,2
34,1,31119106,40,2,2,2
34,2,31129906,40,2,2,2
34,3,31140706,40,5,4,0
35,0,31151506,40,1,1,1
35,1,31162306,40,1,1,1
35,2,31173106,40,2,2,1
35,3,31183906,40,2,2,1
36,0,31194706,40,1,1,1
36,1,31205506,40,1,1,1
36,2,31216306,40,7,5,3
37,0,31237906,40,2,2,2
37,1,31248706,40,2,2,2
37,2,31259506,40,0,0,0
38,0,31281106,40,1,1,1
38,1,31291906,40,4,3,3
39,0,31324306,40,3,3,3
39,1,31335106,40,0,0,0
39,2,31345906,40,6,5,5
39,3,31356706,40,5,5,2
40,0,31367506,40,2,2,2
40,1,31378306,40,1,1,1
40,2,31389106,40,10,7,5
40,3,31399906,40,3,3,0
41,0,31410706,40,0,0,0
41,1,31421506,40,1,1,1
41,2,31432306,40,3,3,2
41,3,31443106,40,3,3,1
42,0,31453906,40,0,0,0
42,1,31464706,40,1,1,1
42,2,31475506,40,7,3,3
43,0,31497106,40,1,1,1
43,1,31507906,40,0,0,0
43,2,31518706,40,3,2,2
43,3,31529506,40,5,5,0
44,0,31540306,40,4,4,4
44,1,31551106,40,1,1,1
44,3,31572706,40,4,4,0
45,0,31583506,40,2,1,1
45,1,31594306,40,0,0,0
45,2,31605106,40,6,5,4
45,3,31615906,40,2,2,0
46,0,31626706,40,2,2,1
46,1,31637506,40,1,1,1
46,3,31659106,40,6,5,1
47,0,31669906,40,2,2,2
47,1,31680706,40,3,3,3
47,2,31691506,40,7,4,4
47,3,31702306,40,4,3,0
48,0,31713106,40,0,0,0
48,1,31723906,40,3,3,2
48,2,31734706,40,2,2,1
48,3,31745506,40,6,5,1
49,0,31756306,40,3,3,3
49,1,31767106,40,3,3,3
49,2,31777906,40,7,4,3
49,3,31788706,40,6,5,1
50,0,31799506,40,1,1,1
50,1,31810306,40,2,2,0
50,2,31821106,40,3,3,3
50,3,31831906,40,4,4,0
51,0,31842706,40,1,1,1
51,1,31853506,40,2,2,2
51,2,31864306,40,0,0,0
52,0,31885906,40,3,3,3
52,1,31896706,40,1,1,1
52,2,31907506,40,2,2,2
52,3,31918306,40,0,0,0
53,0,31929106,40,1,1,1
53,1,31939906,40,2,2,1
53,2,31950706,40,4,3,2
53,3,31961506,40,3,3,1
54,0,31972306,40,3,3,0
54,1,31983106,40,0,0,0
54,2,31993906,40,3,3,2
55,0,32015506,40,0,0,0
55,1,32026306,40,2,2,2
55,2,32037106,40,4,4,4
56,0,32058706,40,2,2,1
56,1,32069506,40,0,0,0
56,2,32080306,40,8,5,4
56,3,32091106,40,5,5,0
57,0,32101906,40,3,3,2
57,1,32112706,40,1,1,1
57,2,32123506,40,5,4,0
57,3,32134306,40,3,2,0
58,0,32145106,40,1,1,1
58,1,32155906,40,1,1,1
58,2,32166706,40,3,3,0
59,0,32188306,40,1,1,1
59,1,32199106,40,0,0,0
59,2,32209906,40,5,4,2
60,0,32231506,40,1,1,1
60,1,32242306,40,1,1,1
60,2,32253106,40,7,4,1
61,0,32274706,40,0,0,0
61,1,32285506,40,5,3,3
61,3,32307106,40,3,3,1
62,0,32317906,40,3,3,3
62,1,32328706,40,3,3,1
62,2,32339506,40,3,3,1
62,3,32350306,40,0,0,0
63,0,32361106,40,2,2,2
63,1,32371906,40,0,0,0
63,2,32382706,40,6,5,3
64,0,32404306,40,2,2,2
64,1,32415106,40,1,1,1
64,2,32425906,40,3,3,3
64,3,32436706,40,7,7,0
65,0,32447506,40,4,3,1
65,1,32458306,40,3,2,2
65,2,32469106,40,3,3,2
65,3,32479906,40,3,3,0
66,0,32490706,40,3,3,3
66,1,32501506,40,2,2,1
66,3,32523106,40,0,0,0
67,0,32533906,40,2,2,2
67,1,32544706,40,3,2,2
67,3,32566306,40,2,2,1
68,0,32577106,40,2,1,1
68,1,32587906,40,0,0,0
68,2,32598706,40,5,4,3
69,0,32620306,40,1,1,1
69,1,32631106,40,3,3,3
69,2,32641906,40,4,3,2
69,3,32652706,40,6,5,2
70,0,32663506,40,5,4,0
70,1,32674306,40,2,2,2
70,2,32685106,40,11,11,6
71,0,32706706,40,2,2,1
71,1,32717506,40,1,1,1
71,2,32728306,40,6,4,2
72,0,32749906,40,4,3,3
72,1,32760706,40,1,1,1
72,3,32782306,40,2,2,0
73,0,32793106,40,2,2,2
73,1,32803906,40,3,2,1
73,2,32814706,40,2,2,1
73,3,32825506,40,3,3,0
74,0,32836306,40,1,1,1
74,1,32847106,40,1,1,1
74,2,32857906,40,2,2,1
74,3,32868706,40,4,3,0
75,0,32879506,40,0,0,0
75,1,32890306,40,3,2,2
76,0,32922706,40,2,2,2
76,1,32933506,40,3,3,3
76,3,32955106,40,9,7,0
77,0,32965906,40,2,2,1
77,1,32976706,40,6,6,6
77,2,32987506,40,4,4,2
77,3,32998306,40,4,2,0
78,0,33009106,40,6,4,4
78,1,33019906,40,2,2,1
78,2,33030706,40,4,3,2
78,3,33041506,40,6,5,0
79,0,33052306,40,3,3,3
79,1,33063106,40,2,2,1
79,3,33084706,40,0,0,0
80,0,33095506,40,1,1,1
80,1,33106306,40,1,1,1
80,2,33117106,40,10,5,4
80,3,33127906,40,4,4,0
81,0,33138706,40,4,3,0
81,1,33149506,40,4,3,3
81,3,33171106,40,4,2,0
82,0,33181906,40,1,1,1
82,1,33192706,40,2,2,1
82,2,33203506,40,2,2,1
82,3,33214306,40,0,0,0
83,0,33225106,40,2,2,0
83,2,33246706,40,13,12,7
83,3,33257506,40,3,2,0
84,0,33268306,40,2,2,0
84,2,33289906,40,6,3,2
84,3,33300706,40,3,3,0
85,0,33311506,40,1,1,1
85,2,33333106,40,2,2,0
85,3,33343906,40,2,2,0
86,0,33354706,40,1,1,1
86,3,33387106,40,2,2,1
87,0,33397906,40,4,2,2
87,1,33408706,40,6,6,4
88,0,33441106,40,3,2,2
88,1,33451906,40,3,3,2
88,2,33462706,40,4,3,3
88,3,33473506,40,5,5,0
89,0,33484306,40,8,8,4
89,1,33495106,40,2,2,2
89,2,33505906,40,7,5,4
90,0,33527506,40,1,1,1
90,1,33538306,40,4,4,4
90,2,33549106,40,0,0,0
91,0,33570706,40,7,7,1
91,1,33581506,40,4,4,2
91,2,33592306,40,4,4,2
92,0,33613906,40,4,4,0
92,2,33635506,40,3,3,2
92,3,33646306,40,3,2,0
93,0,33657106,40,4,4,4
93,1,33667906,40,9,9,7
93,2,33678706,40,2,2,1
93,3,33689506,40,2,2,1
94,0,33700306,40,0,0,0
94,1,33711106,40,0,0,0
94,3,33732706,40,4,4,0
95,0,33743506,40,0,0,0
95,1,33754306,40,6,6,5
95,3,33775906,40,4,4,1
96,0,33786706,40,1,1,1
96,1,33797506,40,12,6,5
96,2,33808306,40,5,2,1
96,3,33819106,40,3,3,0
97,0,33829906,40,0,0,0
97,1,33840706,40,0,0,0
97,3,33862306,40,3,2,1
98,0,33873106,40,3,3,1
98,2,33894706,40,7,7,6
98,3,33905506,40,8,8,4
99,0,33916306,40,6,6,2
99,1,33927106,40,5,5,3
99,2,33937906,40,9,8,6
99,3,33948706,40,8,8,0
100,0,33959506,40,4,4,1
100,1,33970306,40,7,7,7
100,2,33981106,40,6,6,5
100,3,33991906,40,6,6,1
101,0,34002706,40,4,4,2
101,1,34013506,40,7,7,6
101,2,34024306,40,9,9,8
101,3,34035106,40,10,10,6
102,0,34045906,40,9,9,3
102,1,34056706,40,7,5,4
102,2,34067506,40,9,7,3
102,3,34078306,40,10,8,6
103,0,34089106,40,1,1,1
103,1,34099906,40,5,5,5
103,2,34110706,40,2,2,1
103,3,34121506,40,4,4,3
104,0,34132306,40,2,2,2
104,1,34143106,40,6,6,5
104,2,34153906,40,3,3,2
104,3,34164706,40,5,5,4
105,0,34175506,40,2,2,0
105,1,34186306,40,3,3,2
105,2,34197106,40,4,3,2
105,3,34207906,40,2,2,1
106,0,34218706,40,4,4,4
106,1,34229506,40,2,2,1
106,2,34240306,40,4,4,1
107,0,34261906,40,1,1,1
107,1,34272706,40,3,3,3
107,2,34283506,40,3,3,3
107,3,34294306,40,3,3,0
108,0,34305106,40,1,1,1
108,1,34315906,40,2,2,1
108,2,34326706,40,4,3,2
109,0,34348306,40,3,3,3
109,2,34369906,40,4,4,3
109,3,34380706,40,5,5,0
110,0,34391506,40,4,3,1
110,1,34402306,40,0,0,0
110,2,34413106,40,9,9,7
110,3,34423906,40,6,5,3
111,0,34434706,40,6,5,4
111,2,34456306,40,2,2,2
111,3,34467106,40,3,3,0
112,0,34477906,40,2,2,1
112,1,34488706,40,6,6,3
112,3,34510306,40,9,9,0
113,0,34521106,40,4,4,2
113,1,34531906,40,3,3,3
113,2,34542706,40,4,3,1
113,3,34553506,40,6,5,0
114,0,34564306,40,1,1,1
114,1,34575106,40,2,2,2
114,2,34585906,40,2,2,1
115,0,34607506,40,5,5,3
115,2,34629106,40,6,6,6
115,3,34639906,40,5,5,0
116,0,34650706,40,2,2,2
116,1,34661506,40,2,2,1
116,2,34672306,40,4,3,1
116,3,34683106,40,9,9,0
117,0,34693906,40,2,1,1
117,1,34704706,40,3,3,3
117,2,34715506,40,2,2,2
117,3,34726306,40,3,3,2
118,0,34737106,40,4,4,4
118,2,34758706,40,7,7,5
118,3,34769506,40,3,3,0
119,0,34780306,40,2,1,1
119,1,34791106,40,3,3,2
119,2,34801906,40,7,7,5
119,3,34812706,40,2,2,0
120,0,34823506,40,2,2,2
120,1,34834306,40,2,2,2
120,3,34855906,40,3,3,2
121,0,34866706,40,2,2,2
121,1,34877506,40,2,2,1
121,3,34899106,40,3,3,0
122,0,34909906,40,3,3,2
122,2,34931506,40,0,0,0
122,3,34942306,40,3,3,0
123,0,34953106,40,7,6,2
123,1,34963906,40,0,0,0
123,2,34974706,40,6,4,3
123,3,34985506,40,3,3,0
124,0,34996306,40,3,3,3
124,1,35007106,40,2,2,1
124,2,35017906,40,5,5,4
124,3,35028706,40,4,4,0
125,0,35039506,40,1,1,1
125,1,35050306,40,2,2,1
125,2,35061106,40,3,3,3
125,3,35071906,40,4,3,0
126,0,35082706,40,6,6,6
126,1,35093506,40,4,4,4
126,2,35104306,40,4,4,4
126,3,35115106,40,7,7,6
127,0,35125906,40,5,5,5
127,1,35136706,40,6,6,5
127,2,35147506,40,7,6,3
128,0,35169106,40,3,3,3
128,1,35179906,40,9,8,7
128,2,35190706,40,2,2,0
129,0,35212306,40,1,1,1
129,2,35233906,40,3,3,2
129,3,35244706,40,2,2,0
130,0,35255506,40,2,2,0
130,1,35266306,40,6,6,6
130,2,35277106,40,7,6,4
130,3,35287906,40,9,9,4
131,0,35298706,40,9,9,5
131,1,35309506,40,2,2,0
131,2,35320306,40,9,9,7
131,3,35331106,40,11,8,2
132,0,35341906,40,3,3,3
132,1,35352706,40,9,9,7
132,2,35363506,40,7,6,5
132,3,35374306,40,2,2,0
133,0,35385106,40,1,1,1
133,1,35395906,40,2,2,1
133,3,35417506,40,2,2,1
134,0,35428306,40,2,2,2
134,2,35449906,40,2,2,2
134,3,35460706,40,2,2,0
135,0,35471506,40,2,2,2
135,1,35482306,40,0,0,0
136,0,35514706,40,8,7,2
136,1,35525506,40,0,0,0
136,2,35536306,40,2,2,1
136,3,35547106,40,2,2,1
137,0,35557906,40,1,1,1
137,1,35568706,40,3,3,3
137,3,35590306,40,10,8,0
138,0,35601106,40,5,5,5
138,1,35611906,40,7,7,6
138,2,35622706,40,10,10,7
138,3,35633506,40,10,10,4
139,0,35644306,40,3,3,3
139,1,35655106,40,5,5,5
139,3,35676706,40,2,2,2
140,0,35687506,40,4,4,4
140,2,35709106,40,4,3,2
141,0,35730706,40,3,3,3
141,1,35741506,40,7,7,5
141,2,35752306,40,2,2,1
142,0,35773906,40,2,2,2
142,1,35784706,40,5,4,3
142,2,35795506,40,6,6,4
142,3,35806306,40,8,8,0
143,0,35817106,40,2,2,0
143,1,35827906,40,0,0,0
143,3,35849506,40,3,3,0
144,0,35860306,40,1,1,1
144,1,35871106,40,7,7,4
144,2,35881906,40,5,4,2
145,0,35903506,40,2,2,1
145,2,35925106,40,9,8,7
146,0,35946706,40,3,3,3
146,1,35957506,40,6,6,5
146,2,35968306,40,3,3,3
146,3,35979106,40,4,4,3
147,0,35989906,40,4,4,2
147,1,36000706,40,3,3,2
147,2,36011506,40,4,3,2
147,3,36022306,40,3,2,0
148,0,36033106,40,2,2,2
148,1,36043906,40,3,3,2
148,2,36054706,40,4,4,3
148,3,36065506,40,2,2,0
149,0,36076306,40,2,2,2
149,1,36087106,40,2,2,2
149,2,36097906,40,8,7,7
149,3,36108706,40,3,3,0
150,0,36119506,40,1,1,1
150,1,36130306,40,0,0,0
150,2,36141106,40,3,3,3
150,3,36151906,40,0,0,0
151,0,36162706,40,7,4,2
151,1,36173506,40,6,4,4
151,2,36184306,40,97,96,53
151,3,36195106,40,5,4,0
152,0,36205906,40,2,2,2
152,1,36216706,40,5,5,4
152,2,36227506,40,5,5,2
152,3,36238306,40,3,3,3
153,0,36249106,40,5,5,5
153,2,36270706,40,5,4,3
153,3,36281506,40,3,3,0
154,0,36292306,40,6,6,6
154,2,36313906,40,13,11,7
154,3,36324706,40,4,3,0
155,0,36335506,40,6,5,5
155,2,36357106,40,8,7,6
155,3,36367906,40,5,4,0
156,0,36378706,40,2,2,0
156,1,36389506,40,2,2,2
156,3,36411106,40,5,4,0
157,0,36421906,40,1,1,1
157,2,36443506,40,7,7,7
157,3,36454306,40,10,10,6
158,0,36465106,40,2,2,2
158,1,36475906,40,2,2,1
158,2,36486706,40,3,3,2
158,3,36497506,40,9,9,4
159,0,36508306,40,3,3,3
159,1,36519106,40,4,4,4
159,2,36529906,40,3,3,1
159,3,36540706,40,3,3,0
160,0,36551506,40,3,3,3
160,1,36562306,40,5,5,4
160,2,36573106,40,5,4,3
160,3,36583906,40,3,3,0
161,0,36594706,40,10,10,10
161,1,36605506,40,3,3,3
161,3,36627106,40,9,9,3
162,0,36637906,40,3,3,1
162,1,36648706,40,4,4,4
162,2,36659506,40,8,8,1
162,3,36670306,40,3,2,0
163,0,36681106,40,4,4,3
163,1,36691906,40,2,2,2
163,2,36702706,40,5,5,3
163,3,36713506,40,3,3,0
164,0,36724306,40,2,2,2
164,2,36745906,40,2,2,0
164,3,36756706,40,3,3,0
165,0,36767506,40,2,2,2
165,3,36799906,40,8,8,0
166,0,36810706,40,7,5,5
166,1,36821506,40,3,3,1
166,2,36832306,40,8,8,0
166,3,36843106,40,3,3,0
167,0,36853906,40,4,4,1
167,1,36864706,40,3,3,1
167,3,36886306,40,4,4,0
168,0,36897106,40,3,3,3
168,1,36907906,40,7,7,7
168,2,36918706,40,2,2,1
169,0,36940306,40,0,0,0
169,2,36961906,40,8,8,4
169,3,36972706,40,13,11,0
170,0,36983506,40,6,6,1
170,1,36994306,40,7,7,4
170,2,37005106,40,6,6,3
170,3,37015906,40,4,4,0
171,0,37026706,40,2,2,2
171,1,37037506,40,7,7,7
171,3,37059106,40,4,3,1
172,0,37069906,40,2,1,1
172,1,37080706,40,0,0,0
172,2,37091506,40,0,0,0
172,3,37102306,40,4,4,0
173,0,37113106,40,2,2,2
173,1,37123906,40,13,13,10
173,2,37134706,40,14,14,7
174,1,37167106,40,79,78,61
174,2,37177906,40,19,19,7
174,3,37188706,40,26,26,6
175,0,37199506,40,2,2,2
175,1,37210306,40,2,2,1
175,2,37221106,40,5,5,4
175,3,37231906,40,3,3,0
176,0,37242706,40,28,28,13
176,1,37253506,40,60,60,42
176,2,37264306,40,601,601,60
176,3,37275106,40,342,340,6
177,0,37285906,40,303,303,52
177,1,37296706,40,284,284,82
177,2,37307506,40,183,183,79
177,3,37318306,40,410,410,27
178,1,37339906,40,667,667,99
178,2,37350706,40,527,527,90
178,3,37361506,40,634,633,5
179,0,37372306,40,572,572,52
179,3,37404706,40,143,143,6
180,0,37415506,40,295,294,39
180,2,37437106,40,114,114,90
180,3,37447906,40,150,150,5
181,1,37469506,40,440,440,116
182,0,37501906,40,495,494,55
182,1,37512706,40,103,103,100
182,2,37523506,40,375,375,87
182,3,37534306,40,277,277,25
183,0,37545106,40,278,278,32
183,1,37555906,40,1645,1645,102
183,2,37566706,40,972,972,88
183,3,37577506,40,449,449,28
184,0,37588306,40,334,334,56
184,1,37599106,40,540,540,87
184,2,37609906,40,636,636,91
185,0,37631506,40,1995,1995,47
185,2,37653106,40,3773,3773,51
185,3,37663906,40,571,571,7
186,0,37674706,40,4461,4461,55
186,1,37685506,40,6189,6189,91
186,2,37696306,40,5103,5103,71
186,3,37707106,40,549,549,10
187,0,37717906,40,4624,4624,44
187,1,37728706,40,219,219,103
187,2,37739506,40,682,682,54
187,3,37750306,40,387,387,19
188,0,37761106,40,438,438,35
188,2,37782706,40,770,770,65
188,3,37793506,40,731,731,5
189,0,37804306,40,319,319,34
189,1,37815106,40,2708,2708,105
189,2,37825906,40,769,769,32
189,3,37836706,40,584,584,49
190,0,37847506,40,865,865,57
190,2,37869106,40,842,842,60
190,3,37879906,40,245,245,45
191,1,37901506,40,900,900,108
191,2,37912306,40,1005,1005,74
192,0,37933906,40,1606,1606,58
192,1,37944706,40,1057,1057,103
192,2,37955506,40,1110,1110,83
192,3,37966306,40,1540,1540,33
193,0,37977106,40,835,835,63
193,1,37987906,40,1318,1318,106
193,2,37998706,40,2026,2026,68
194,0,38020306,40,1288,1288,61
194,1,38031106,40,1515,1514,89
194,2,38041906,40,533,533,84
194,3,38052706,40,1034,1034,29
195,0,38063506,40,2009,2009,34
195,1,38074306,40,1526,1526,106
195,2,38085106,40,2183,2183,78
195,3,38095906,40,2382,2382,23
196,0,38106706,40,2858,2858,47
196,3,38139106,40,3776,3776,4
197,0,38149906,40,3076,3076,41
197,1,38160706,40,3100,3100,88
197,2,38171506,40,2940,2940,75
197,3,38182306,40,32,32,12
198,0,38193106,40,2555,2555,43
198,1,38203906,40,3807,3807,83
198,2,38214706,40,3682,3681,95
198,3,38225506,40,3421,3420,43
199,0,38236306,40,3542,3541,47
199,1,38247106,40,3985,3985,78
199,2,38257906,40,4314,4314,84
199,3,38268706,40,3524,3524,7
200,0,38279506,40,4036,4036,46
200,2,38301106,40,3463,3463,95
200,3,38311906,40,2872,2872,0
201,0,38322706,40,1908,1907,46
201,2,38344306,40,3358,3358,102
201,3,38355106,40,3035,3034,2
202,0,38365906,40,3610,3610,40
202,1,38376706,40,3832,3832,96
202,2,38387506,40,3503,3503,80
203,0,38409106,40,3541,3539,41
203,1,38419906,40,3048,3048,92
203,2,38430706,40,2964,2964,95
204,0,38452306,40,316,316,36
204,2,38473906,40,2006,2006,103
204,3,38484706,40,2341,2341,9
205,0,38495506,40,1163,1163,55
205,1,38506306,40,1539,1539,95
206,0,38538706,40,1226,1225,52
206,1,38549506,40,2271,2271,91
206,2,38560306,40,2329,2329,74
207,0,38581906,40,2941,2941,60
207,1,38592706,40,2597,2597,82
207,3,38614306,40,2268,2268,2
208,0,38625106,40,2374,2374,63
208,1,38635906,40,2011,2011,103
208,2,38646706,40,2320,2320,92
209,0,38668306,40,2508,2508,68
209,1,38679106,40,3306,3306,67
209,3,38700706,40,3332,3332,48
210,0,38711506,40,3301,3301,56
210,2,38733106,40,2298,2298,93
210,3,38743906,40,1385,1385,8
211,0,38754706,40,3022,3022,61
211,1,38765506,40,950,950,84
211,2,38776306,40,895,894,100
211,3,38787106,40,915,915,56
212,0,38797906,40,945,945,63
212,1,38808706,40,1230,1230,92
212,2,38819506,40,1102,1102,94
212,3,38830306,40,1149,1149,4
213,0,38841106,40,1327,1327,62
213,1,38851906,40,1020,1020,96
213,2,38862706,40,1306,1306,100
213,3,38873506,40,1318,1318,38
214,0,38884306,40,1046,1046,43
214,2,38905906,40,1095,1095,95
214,3,38916706,40,1300,1300,5
215,0,38927506,40,605,605,71
215,1,38938306,40,961,961,103
215,2,38949106,40,1168,1168,98
215,3,38959906,40,1270,1270,9
216,0,38970706,40,1143,1143,59
216,1,38981506,40,1219,1219,107
216,2,38992306,40,1363,1362,96
216,3,39003106,40,1434,1434,40
217,1,39024706,40,1215,1215,101
217,2,39035506,40,1165,1165,79
217,3,39046306,40,1449,1449,7
218,0,39057106,40,1166,1166,56
218,1,39067906,40,0,0,0
218,3,39089506,40,1119,1118,7
219,0,39100306,40,1246,1246,56
219,1,39111106,40,1239,1239,99
219,2,39121906,40,1421,1421,88
219,3,39132706,40,1160,1160,7
220,0,39143506,40,1704,1704,73
220,1,39154306,40,1210,1210,101
220,2,39165106,40,1056,1056,84
220,3,39175906,40,1102,1102,28
221,0,39186706,40,1168,1168,102
221,1,39197506,40,1547,1546,87
221,2,39208306,40,1100,1100,76
221,3,39219106,40,1187,1186,6
222,0,39229906,40,1130,1130,86
222,1,39240706,40,1344,1344,102
222,2,39251506,40,1229,1229,78
222,3,39262306,40,1613,1613,40
223,0,39273106,40,1993,1993,81
223,1,39283906,40,1885,1885,108
223,3,39305506,40,1087,1087,39
224,0,39316306,40,1333,1333,52
224,1,39327106,40,1650,1650,105
224,2,39337906,40,1193,1193,79
224,3,39348706,40,1378,1377,7
225,0,39359506,40,1250,1250,95
225,1,39370306,40,1819,1819,88
225,2,39381106,40,1254,1252,81
225,3,39391906,40,1197,1197,26
226,0,39402706,40,1104,1104,87
226,1,39413506,40,1425,1425,97
226,2,39424306,40,1223,1222,85
226,3,39435106,40,1092,1092,5
227,0,39445906,40,1119,1119,83
227,1,39456706,40,1182,1182,92
227,2,39467506,40,1214,1214,96
227,3,39478306,40,1577,1577,4
228,0,39489106,40,1447,1447,74
228,1,39499906,40,1129,1129,90
228,3,39521506,40,1118,1118,3
229,0,39532306,40,1193,1193,83
229,1,39543106,40,1251,1251,97
230,0,39575506,40,1129,1129,96
230,1,39586306,40,1078,1078,105
230,2,39597106,40,1116,1116,89
230,3,39607906,40,1729,1729,18
231,0,39618706,40,1175,1175,104
231,1,39629506,40,1290,1290,105
231,3,39651106,40,1075,1075,4
232,0,39661906,40,1075,1075,103
232,2,39683506,40,1507,1507,84
232,3,39694306,40,970,970,5
233,0,39705106,40,1224,1224,85
233,1,39715906,40,1527,1527,98
233,2,39726706,40,1501,1501,86
233,3,39737506,40,1131,1130,6
234,0,39748306,40,1162,1162,49
234,1,39759106,40,1340,1340,104
234,2,39769906,40,971,971,92
235,0,39791506,40,1182,1182,81
235,1,39802306,40,1563,1563,99
235,2,39813106,40,1341,1341,84
235,3,39823906,40,1269,1269,35
236,0,39834706,40,1512,1512,87
236,1,39845506,40,1429,1429,83
237,1,39888706,40,1341,1341,104
237,2,39899506,40,1469,1469,86
238,0,39921106,40,1233,1233,48
238,2,39942706,40,1288,1288,104
238,3,39953506,40,1409,1409,36
239,0,39964306,40,1277,1277,85
239,1,39975106,40,1619,1619,95
239,2,39985906,40,3317,3317,99
239,3,39996706,40,1568,1568,2
240,0,40007506,40,1324,1324,37
240,1,40018306,40,1072,1072,111
240,3,40039906,40,1076,1076,34
241,0,40050706,40,1384,1383,101
241,1,40061506,40,1400,1400,98
241,2,40072306,40,1477,1477,100
241,3,40083106,40,1260,1260,26
242,0,40093906,40,1086,1086,42
242,3,40126306,40,1361,1361,58
243,0,40137106,40,1321,1321,96
243,1,40147906,40,1218,1218,104
243,3,40169506,40,1239,1239,66
244,0,40180306,40,1494,1494,96
244,1,40191106,40,1446,1446,97
244,2,40201906,40,1290,1289,95
244,3,40212706,40,668,668,35
245,0,40223506,40,735,735,85
245,1,40234306,40,678,678,107
245,2,40245106,40,734,734,89
245,3,40255906,40,805,805,24
246,0,40266706,40,621,621,85
246,2,40288306,40,525,525,97
246,3,40299106,40,338,338,24
247,0,40309906,40,246,246,42
247,2,40331506,40,201,201,85
247,3,40342306,40,804,804,6
248,0,40353106,40,787,787,99
248,1,40363906,40,600,600,94
248,2,40374706,40,537,537,102
248,3,40385506,40,734,734,6
249,0,40396306,40,790,790,101
249,1,40407106,40,817,817,110
249,2,40417906,40,690,690,102
249,3,40428706,40,729,729,5
250,1,40450306,40,569,569,102
250,0,40439506,40,578,578,105
250,3,40471906,40,746,746,5
251,1,40493506,40,443,443,102
251,0,40482706,40,637,637,108
251,2,40504306,40,540,540,85
252,1,40536706,40,662,662,97
252,0,40525906,40,609,608,109
252,2,40547506,40,587,587,74
252,3,40558306,40,637,637,24
253,0,40569106,40,619,619,94
253,2,40590706,40,570,570,102
254,1,40623106,40,643,642,97
254,0,40612306,40,635,635,117
254,3,40644706,40,550,550,35
255,1,40666306,40,619,619,109
255,0,40655506,40,617,616,107
255,2,40677106,40,487,487,102
255,3,40687906,40,191,191,37
256,0,40698706,40,329,329,41
256,1,40709506,40,630,630,98
256,2,40720306,40,387,387,63
256,3,40731106,40,453,453,26
257,0,40741906,40,503,503,102
258,0,40785106,40,435,435,106
258,1,40795906,40,430,430,99
258,2,40806706,40,421,421,67
259,0,40828306,40,420,420,36
259,1,40839106,40,459,459,107
259,2,40849906,40,479,479,51
260,0,40871506,40,419,419,115
260,2,40893106,40,518,518,105
260,3,40903906,40,489,180,27
261,1,40925506,40,473,220,102
261,0,40914706,40,423,202,96
261,2,40936306,40,477,207,98
261,3,40947106,40,432,185,3
262,0,40957906,40,521,212,42
262,2,40979506,40,448,154,95
262,3,40990306,40,469,212,28
263,0,41001106,40,438,150,99
263,1,41011906,40,424,131,101
263,2,41022706,40,421,172,96
264,0,41044306,40,354,137,99
264,1,41055106,40,431,123,104
264,2,41065906,40,374,108,84
264,3,41076706,40,23,23,1
265,0,41087506,40,232,87,80
265,1,41098306,40,221,97,77
265,2,41109106,40,471,200,87
265,3,41119906,40,378,156,32
266,1,41141506,40,422,155,106
266,0,41130706,40,395,152,104
266,3,41163106,40,68,65,16
267,1,41184706,40,64,60,46
267,0,41173906,40,86,81,73
267,2,41195506,40,59,58,44
267,3,41206306,40,48,46,1
268,0,41217106,40,32,31,25
268,2,41238706,40,88,84,69
268,3,41249506,40,91,89,4
269,0,41260306,40,59,58,48
269,1,41271106,40,59,55,51
270,0,41303506,40,146,143,101
270,1,41314306,40,47,44,40
270,2,41325106,40,46,41,32
270,3,41335906,40,57,50,1
271,0,41346706,40,50,49,30
271,1,41357506,40,70,65,53
271,2,41368306,40,54,52,38
271,3,41379106,40,69,68,33
272,0,41389906,40,44,43,25
272,1,41400706,40,47,46,42
273,0,41433106,40,52,48,42
273,1,41443906,40,47,44,38
273,2,41454706,40,69,69,49
273,3,41465506,40,126,125,28
274,0,41476306,40,71,65,30
274,2,41497906,40,6,6,5
274,3,41508706,40,5,5,0
275,0,41519506,40,3,3,2
275,1,41530306,40,5,5,4
275,2,41541106,40,3,3,3
275,3,41551906,40,16,16,1
276,0,41562706,40,12,11,8
276,1,41573506,40,12,12,9
276,2,41584306,40,11,11,8
276,3,41595106,40,40,40,21
277,0,41605906,40,37,37,26
277,1,41616706,40,6,6,5
277,2,41627506,40,44,44,34
277,3,41638306,40,17,17,0
278,0,41649106,40,18,18,12
278,1,41659906,40,40,40,28
278,2,41670706,40,13,13,11
278,3,41681506,40,16,16,2
279,0,41692306,40,8,8,7
279,1,41703106,40,25,25,21
279,2,41713906,40,22,22,16
279,3,41724706,40,25,25,0
280,0,41735506,40,6,6,4
280,1,41746306,40,23,23,17
280,2,41757106,40,38,38,31
280,3,41767906,40,30,30,0
281,0,41778706,40,17,17,12
281,1,41789506,40,18,18,17
281,2,41800306,40,19,19,16
281,3,41811106,40,87,87,0
282,0,41821906,40,23,22,16
282,2,41843506,40,35,35,29
282,3,41854306,40,27,27,0
283,0,41865106,40,35,35,29
283,2,41886706,40,91,91,40
283,3,41897506,40,70,70,0
284,0,41908306,40,59,59,54
284,1,41919106,40,30,30,26
284,2,41929906,40,40,40,36
284,3,41940706,40,23,23,0
285,0,41951506,40,29,29,22
285,1,41962306,40,22,22,20
285,2,41973106,40,30,30,23
285,3,41983906,40,81,81,21
286,0,41994706,40,35,35,10
286,1,42005506,40,78,78,64
286,2,42016306,40,50,50,45
286,3,42027106,40,53,53,2
287,0,42037906,40,46,46,28
287,1,42048706,40,68,68,57
287,2,42059506,40,45,45,41
287,3,42070306,40,54,54,2
288,0,42081106,40,46,46,23
288,1,42091906,40,62,62,46
288,2,42102706,40,46,44,36
288,3,42113506,40,32,32,12
289,0,42124306,40,56,56,44
290,0,42167506,40,76,76,38
290,1,42178306,40,72,72,67
290,3,42199906,40,54,54,20
291,0,42210706,40,55,55,46
291,1,42221506,40,71,71,66
291,3,42243106,40,92,92,3
292,0,42253906,40,179,179,90
292,3,42286306,40,96,95,27
293,0,42297106,40,34,34,24
293,1,42307906,40,55,55,44
293,2,42318706,40,56,56,11
294,0,42340306,40,79,79,39
294,2,42361906,40,82,82,56
294,3,42372706,40,91,89,37
295,0,42383506,40,47,47,36
295,1,42394306,40,97,97,89
295,2,42405106,40,50,50,34
295,3,42415906,40,78,78,20
296,1,42437506,40,60,60,57
296,0,42426706,40,60,60,44
296,3,42459106,40,114,114,2
297,0,42469906,40,114,114,69
297,1,42480706,40,124,124,105
297,3,42502306,40,98,98,4
298,1,42523906,40,42,42,35
298,0,42513106,40,187,187,89
298,2,42534706,40,59,59,41
298,3,42545506,40,224,224,32
299,0,42556306,40,70,70,51
299,1,42567106,40,46,46,41
299,2,42577906,40,199,199,74
299,3,42588706,40,59,59,3
300,1,42610306,40,65,65,62
300,0,42599506,40,50,50,32
300,2,42621106,40,78,78,53
300,3,42631906,40,50,50,1
301,0,42642706,40,73,73,17
301,2,42664306,40,65,65,52
301,3,42675106,40,59,59,1
302,0,42685906,40,58,58,47
302,1,42696706,40,57,57,48
302,2,42707506,40,54,53,44
302,3,42718306,40,63,63,23
303,0,42729106,40,88,87,43
303,2,42750706,40,123,123,103
303,3,42761506,40,95,95,6
304,1,42783106,40,66,66,61
304,0,42772306,40,80,80,37
304,2,42793906,40,68,68,47
305,0,42815506,40,62,62,50
305,1,42826306,40,40,40,31
305,2,42837106,40,23,23,22
305,3,42847906,40,67,67,35
306,0,42858706,40,51,51,41
306,2,42880306,40,33,33,21
306,3,42891106,40,58,58,3
307,2,42923506,40,37,37,26
307,0,42901906,40,120,120,79
307,3,42934306,40,156,156,10
308,0,42945106,40,141,141,46
308,1,42955906,40,90,90,83
308,2,42966706,40,73,73,59
308,3,42977506,40,89,89,4
309,1,42999106,40,102,102,90
309,2,43009906,40,118,118,93
309,0,42988306,40,89,89,77
309,3,43020706,40,89,89,3
310,1,43042306,40,130,130,108
310,2,43053106,40,151,150,99
310,0,43031506,40,85,85,73
311,0,43074706,40,210,210,100
311,1,43085506,40,57,57,45
311,2,43096306,40,83,83,68
311,3,43107106,40,67,67,3
312,0,43117906,40,159,159,49
312,1,43128706,40,50,50,40
312,2,43139506,40,70,70,55
312,3,43150306,40,72,72,3
313,0,43161106,40,54,54,20
313,2,43182706,40,70,69,54
313,3,43193506,40,110,110,34
314,0,43204306,40,65,65,33
314,1,43215106,40,69,69,65
314,2,43225906,40,183,183,80
314,3,43236706,40,104,104,55
315,0,43247506,40,80,79,61
315,2,43269106,40,138,138,88
316,0,43290706,40,59,59,36
316,1,43301506,40,86,85,72
316,2,43312306,40,41,41,31
316,3,43323106,40,51,50,2
317,0,43333906,40,59,59,1
317,1,43344706,40,70,70,56
317,2,43355506,40,73,73,53
317,3,43366306,40,86,86,0
318,0,43377106,40,33,33,21
318,1,43387906,40,67,67,57
318,2,43398706,40,80,79,65
318,3,43409506,40,97,97,19
319,0,43420306,40,77,77,27
319,1,43431106,40,69,69,41
319,3,43452706,40,46,46,2
320,0,43463506,40,43,43,3
320,2,43485106,40,64,64,49
320,3,43495906,40,54,54,2
321,0,43506706,40,47,47,20
321,2,43528306,40,67,67,57
321,3,43539106,40,85,85,1
322,0,43549906,40,94,94,1
322,1,43560706,40,51,51,43
322,2,43571506,40,90,90,79
322,3,43582306,40,57,57,4
323,1,43603906,40,101,101,88
323,2,43614706,40,70,70,57
323,0,43593106,40,92,92,18
323,3,43625506,40,37,37,16
324,0,43636306,40,42,42,4
324,2,43657906,40,101,101,91
324,3,43668706,40,43,43,16
325,2,43701106,40,46,46,41
325,0,43679506,40,41,41,18
325,3,43711906,40,38,38,1
326,0,43722706,40,34,34,1
326,1,43733506,40,67,67,53
326,2,43744306,40,63,63,51
326,3,43755106,40,34,34,4
327,0,43765906,40,34,34,1
327,1,43776706,40,43,43,28
327,2,43787506,40,49,49,40
327,3,43798306,40,63,63,3
328,0,43809106,40,24,24,3
328,1,43819906,40,72,71,48
328,2,43830706,40,67,67,62
328,3,43841506,40,46,45,2
329,0,43852306,40,54,54,1
329,1,43863106,40,82,82,74
329,2,43873906,40,77,77,66
330,0,43895506,40,36,36,1
330,1,43906306,40,88,88,76
330,2,43917106,40,24,24,22
330,3,43927906,40,21,21,6
331,0,43938706,40,32,32,2
331,2,43960306,40,36,36,31
331,3,43971106,40,35,35,0
332,0,43981906,40,36,36,19
332,1,43992706,40,32,32,24
332,2,44003506,40,36,36,34
332,3,44014306,40,42,42,20
333,0,44025106,40,38,38,0
333,1,44035906,40,51,51,47
333,3,44057506,40,19,19,2
334,0,44068306,40,45,45,11
334,1,44079106,40,50,50,49
334,2,44089906,40,42,42,38
334,3,44100706,40,39,39,3
335,0,44111506,40,46,46,1
335,1,44122306,40,46,46,43
335,2,44133106,40,43,43,34
335,3,44143906,40,68,68,3
336,0,44154706,40,71,71,6
336,1,44165506,40,59,59,43
336,2,44176306,40,46,46,36
337,0,44197906,40,63,62,23
338,0,44241106,40,95,94,7
338,1,44251906,40,62,62,48
338,2,44262706,40,62,62,43
339,0,44284306,40,76,76,27
339,1,44295106,40,57,57,54
339,2,44305906,40,64,64,56
340,0,44327506,40,49,49,3
340,1,44338306,40,67,67,62
340,2,44349106,40,272,272,94
340,3,44359906,40,64,64,1
341,0,44370706,40,43,43,2
341,1,44381506,40,76,76,74
341,2,44392306,40,92,92,75
341,3,44403106,40,99,99,14
342,0,44413906,40,75,75,5
342,1,44424706,40,90,90,82
342,2,44435506,40,105,103,93
343,0,44457106,40,101,101,30
343,1,44467906,40,124,124,109
343,3,44489506,40,71,70,5
344,1,44511106,40,91,91,85
344,2,44521906,40,59,59,52
344,0,44500306,40,93,93,29
344,3,44532706,40,56,56,4
345,0,44543506,40,88,88,3
345,1,44554306,40,100,100,95
345,2,44565106,40,50,50,45
345,3,44575906,40,47,47,0
346,1,44597506,40,120,120,100
346,2,44608306,40,91,91,76
346,0,44586706,40,46,46,25
346,3,44619106,40,70,70,25
347,0,44629906,40,109,109,3
347,1,44640706,40,72,72,69
347,2,44651506,40,93,93,78
347,3,44662306,40,75,75,26
348,0,44673106,40,86,86,46
348,1,44683906,40,85,85,77
348,2,44694706,40,71,71,58
348,3,44705506,40,59,59,5
349,0,44716306,40,75,75,0
349,1,44727106,40,26,26,25
349,3,44748706,40,58,58,2
350,0,44759506,40,59,59,0
350,1,44770306,40,80,78,71
350,2,44781106,40,85,83,66
350,3,44791906,40,26,26,1
351,0,44802706,40,29,29,0
351,1,44813506,40,40,39,37
351,2,44824306,40,46,46,44
351,3,44835106,40,39,39,18
352,1,44856706,40,49,49,45
352,2,44867506,40,59,59,49
352,0,44845906,40,67,67,7
352,3,44878306,40,99,99,19
353,0,44889106,40,122,120,4
353,1,44899906,40,71,71,60
353,2,44910706,40,111,111,91
353,3,44921506,40,44,44,1
354,1,44943106,40,72,72,61
354,2,44953906,40,125,125,98
354,3,44964706,40,87,86,18
355,0,44975506,40,63,63,2
355,1,44986306,40,51,51,46
355,2,44997106,40,77,77,65
356,1,45029506,40,105,105,94
356,2,45040306,40,144,144,107
356,0,45018706,40,335,335,6
357,0,45061906,40,80,80,9
357,1,45072706,40,44,44,44
357,2,45083506,40,50,50,42
357,3,45094306,40,58,58,5
358,1,45115906,40,164,164,112
358,2,45126706,40,64,64,38
358,0,45105106,40,257,257,4
358,3,45137506,40,57,57,5
359,0,45148306,40,74,74,5
359,1,45159106,40,76,76,63
359,2,45169906,40,101,101,64
360,0,45191506,40,95,95,16
360,1,45202306,40,91,91,90
360,2,45213106,40,89,89,73
360,3,45223906,40,79,79,4
361,0,45234706,40,74,74,3
361,1,45245506,40,113,113,105
361,2,45256306,40,132,132,62
361,3,45267106,40,41,41,21
362,0,45277906,40,51,51,22
362,1,45288706,40,109,109,92
362,3,45310306,40,119,119,32
363,0,45321106,40,97,97,5
363,1,45331906,40,87,87,82
363,2,45342706,40,70,70,48
363,3,45353506,40,73,73,4
364,0,45364306,40,69,69,4
364,2,45385906,40,67,67,33
364,3,45396706,40,85,85,24
365,1,45418306,40,94,94,87
365,2,45429106,40,127,127,98
365,0,45407506,40,54,54,1
365,3,45439906,40,97,97,8
366,0,45450706,40,78,78,0
366,1,45461506,40,51,51,40
366,3,45483106,40,86,86,13
367,0,45493906,40,73,73,3
367,1,45504706,40,103,103,87
367,2,45515506,40,126,126,88
368,0,45537106,40,147,147,28
368,1,45547906,40,114,114,102
368,2,45558706,40,475,475,96
368,3,45569506,40,75,75,0
369,0,45580306,40,184,184,29
369,1,45591106,40,76,76,73
369,3,45612706,40,30,30,1
370,0,45623506,40,100,100,19
370,1,45634306,40,39,39,38
370,2,45645106,40,328,124,94
370,3,45655906,40,32,32,10
371,0,45666706,40,86,86,34
371,1,45677506,40,91,91,83
371,2,45688306,40,184,181,100
371,3,45699106,40,104,104,5
372,0,45709906,40,75,75,11
373,0,45753106,40,86,86,38
373,1,45763906,40,76,76,63
373,2,45774706,40,48,48,41
373,3,45785506,40,63,63,1
374,0,45796306,40,63,63,37
374,1,45807106,40,54,54,52
374,3,45828706,40,55,55,32
375,0,45839506,40,53,53,1
375,2,45861106,40,115,114,99
375,3,45871906,40,99,99,5
376,0,45882706,40,105,105,2
376,2,45904306,40,127,127,101
376,3,45915106,40,81,80,14
377,0,45925906,40,147,147,20
377,1,45936706,40,82,82,81
377,2,45947506,40,199,104,86
378,0,45969106,40,181,181,28
378,1,45979906,40,96,96,75
378,2,45990706,40,222,146,107
378,3,46001506,40,188,135,52
379,0,46012306,40,112,112,48
379,1,46023106,40,100,99,98
379,2,46033906,40,102,101,63
379,3,46044706,40,92,91,4
380,0,46055506,40,109,109,35
380,1,46066306,40,159,83,80
380,2,46077106,40,130,127,93
381,0,46098706,40,123,123,32
381,1,46109506,40,85,85,74
381,2,46120306,40,137,131,105
381,3,46131106,40,77,76,12
382,1,46152706,40,202,126,92
382,2,46163506,40,174,168,103
382,3,46174306,40,133,123,25
382,0,46141906,40,99,99,35
383,0,46185106,40,82,74,24
383,1,46195906,40,96,93,91
383,2,46206706,40,297,296,101
383,3,46217506,40,164,158,6
384,1,46239106,40,142,142,105
384,2,46249906,40,93,89,66
384,3,46260706,40,93,89,4
384,0,46228306,40,181,146,25
385,1,46282306,40,79,79,62
385,2,46293106,40,97,92,43
385,3,46303906,40,76,72,5
386,0,46314706,40,61,57,1
386,2,46336306,40,93,93,38
387,0,46357906,40,66,66,33
387,1,46368706,40,74,74,61
387,2,46379506,40,112,112,65
387,3,46390306,40,66,66,30
388,0,46401106,40,66,66,28
388,1,46411906,40,101,101,77
388,2,46422706,40,71,71,50
388,3,46433506,40,43,43,18
389,0,46444306,40,75,75,5
389,1,46455106,40,81,81,65
389,2,46465906,40,143,143,66
389,3,46476706,40,96,87,20
390,0,46487506,40,105,105,55
390,1,46498306,40,60,60,43
390,2,46509106,40,83,83,51
390,3,46519906,40,77,77,6
391,1,46541506,40,75,74,67
391,2,46552306,40,89,88,68
391,3,46563106,40,80,79,2
391,0,46530706,40,115,115,36
392,0,46573906,40,109,109,42
392,1,46584706,40,79,79,76
392,3,46606306,40,63,62,6
393,0,46617106,40,129,129,45
393,2,46638706,40,64,64,33
393,3,46649506,40,50,50,1
394,1,46671106,40,118,117,108
394,2,46681906,40,78,78,50
394,3,46692706,40,142,141,56
394,0,46660306,40,84,84,41
395,0,46703506,40,107,107,44
396,3,46779106,40,155,155,22
397,0,46789906,40,86,86,6
397,1,46800706,40,99,99,91
397,3,46822306,40,84,84,2
398,0,46833106,40,107,107,20
398,3,46865506,40,89,89,3
399,0,46876306,40,74,74,41
399,1,46887106,40,88,88,83
399,3,46908706,40,85,85,11
400,0,46919506,40,105,105,63
400,1,46930306,40,98,98,91
400,2,46941106,40,120,119,71
400,3,46951906,40,59,58,8
401,0,46962706,40,67,67,10
401,1,46973506,40,80,80,72
401,2,46984306,40,114,114,76
402,0,47005906,40,110,110,41
402,1,47016706,40,93,93,87
402,2,47027506,40,128,128,47
402,3,47038306,40,121,121,6
403,0,47049106,40,105,104,47
403,1,47059906,40,125,125,103
403,2,47070706,40,255,255,66
403,3,47081506,40,105,105,21
404,0,47092306,40,108,108,41
404,1,47103106,40,192,192,105
404,2,47113906,40,630,628,60
404,3,47124706,40,507,507,24
405,0,47135506,40,685,685,54
405,2,47157106,40,399,399,82
405,3,47167906,40,500,500,6
406,0,47178706,40,141,141,48
406,1,47189506,40,214,214,109
406,2,47200306,40,399,399,68
406,3,47211106,40,264,264,29
407,0,47221906,40,301,301,64
407,1,47232706,40,62,62,59
407,2,47243506,40,83,82,50
408,0,47265106,40,68,68,40
408,1,47275906,40,86,86,78
408,2,47286706,40,131,131,54
408,3,47297506,40,82,82,25
409,0,47308306,40,58,58,32
409,1,47319106,40,66,66,61
409,2,47329906,40,108,108,77
410,0,47351506,40,146,146,67
410,1,47362306,40,155,154,116
410,3,47383906,40,126,126,3
411,0,47394706,40,108,108,55
411,1,47405506,40,95,95,76
411,2,47416306,40,1047,1047,88
411,3,47427106,40,785,785,11
412,0,47437906,40,717,717,60
412,1,47448706,40,705,705,105
412,2,47459506,40,43,43,24
412,3,47470306,40,845,845,58
413,0,47481106,40,385,384,45
413,1,47491906,40,830,829,110
413,2,47502706,40,465,463,77
413,3,47513506,40,449,447,12
414,1,47535106,40,483,482,110
415,0,47567506,40,219,219,61
415,1,47578306,40,215,215,103
415,3,47599906,40,274,274,2
416,1,47621506,40,286,286,109
416,2,47632306,40,356,356,92
416,3,47643106,40,252,252,37
417,0,47653906,40,120,120,59
417,1,47664706,40,600,600,110
417,2,47675506,40,45,45,34
417,3,47686306,40,441,441,33
418,0,47697106,40,249,249,64
418,1,47707906,40,195,195,105
418,3,47729506,40,141,141,55
419,1,47751106,40,151,151,99
419,2,47761906,40,503,503,63
419,3,47772706,40,59,59,23
420,1,47794306,40,1002,1002,115
420,2,47805106,40,852,852,32
420,3,47815906,40,749,749,1
421,1,47837506,40,815,815,115
421,2,47848306,40,576,576,49
421,3,47859106,40,431,431,19
422,1,47880706,40,307,307,91
422,2,47891506,40,488,488,35
422,3,47902306,40,319,319,44
423,1,47923906,40,305,305,109
423,2,47934706,40,417,417,2
423,3,47945506,40,407,407,18
424,0,47956306,40,357,357,50
424,1,47967106,40,511,511,108
424,3,47988706,40,586,586,28
425,1,48010306,40,195,195,110
425,2,48021106,40,243,243,45
425,3,48031906,40,162,162,33
426,0,48042706,40,105,105,50
426,2,48064306,40,175,175,6
426,3,48075106,40,167,167,6
427,0,48085906,40,87,87,26
427,2,48107506,40,137,137,35
427,3,48118306,40,166,166,48
428,0,48129106,40,113,113,54
428,1,48139906,40,125,125,111
428,2,48150706,40,251,251,5
428,3,48161506,40,207,207,28
429,0,48172306,40,86,86,48
429,1,48183106,40,176,176,107
429,2,48193906,40,199,199,3
429,3,48204706,40,190,190,25
430,0,48215506,40,216,216,70
430,1,48226306,40,200,200,105
430,2,48237106,40,315,303,2
430,3,48247906,40,215,215,36
431,1,48269506,40,987,987,114
431,3,48291106,40,431,431,45
432,0,48301906,40,722,722,59
432,1,48312706,40,807,807,112
432,3,48334306,40,476,476,22
433,0,48345106,40,769,769,56
433,1,48355906,40,878,878,110
433,2,48366706,40,750,750,6
433,3,48377506,40,410,410,28
434,0,48388306,40,557,557,56
434,1,48399106,40,1058,1058,109
434,2,48409906,40,661,661,6
434,3,48420706,40,824,824,22
435,0,48431506,40,1218,1218,59
435,1,48442306,40,802,802,104
435,2,48453106,40,547,547,8
435,3,48463906,40,333,333,24
436,0,48474706,40,422,422,61
436,1,48485506,40,416,416,104
436,2,48496306,40,391,391,34
436,3,48507106,40,451,451,51
437,0,48517906,40,335,335,56
437,2,48539506,40,474,474,33
437,3,48550306,40,470,470,28
438,1,48571906,40,2954,2954,99
438,2,48582706,40,1287,1287,25
438,3,48593506,40,672,672,49
439,0,48604306,40,861,861,66
439,1,48615106,40,1102,1102,98
439,3,48636706,40,138,138,53
440,0,48647506,40,183,183,45
441,0,48690706,40,177,177,53
441,1,48701506,40,158,158,109
441,2,48712306,40,289,289,27
441,3,48723106,40,188,188,27
442,0,48733906,40,181,181,63
442,1,48744706,40,236,236,115
442,2,48755506,40,133,133,6
443,1,48787906,40,62,62,51
443,2,48798706,40,205,205,72
443,3,48809506,40,126,125,22
444,0,48820306,40,82,82,50
444,1,48831106,40,122,122,111
444,2,48841906,40,160,160,29
444,3,48852706,40,186,186,24
445,0,48863506,40,83,83,46
445,1,48874306,40,144,144,113
445,2,48885106,40,274,274,56
446,0,48906706,40,109,109,53
446,1,48917506,40,148,148,117
446,2,48928306,40,231,231,35
446,3,48939106,40,178,178,37
447,1,48960706,40,138,138,111
447,2,48971506,40,236,236,4
447,3,48982306,40,199,199,28
448,0,48993106,40,112,112,59
448,1,49003906,40,190,190,110
448,3,49025506,40,138,138,26
449,0,49036306,40,161,161,56
449,1,49047106,40,150,149,114
449,2,49057906,40,181,181,8
450,2,49101106,40,200,200,10
450,3,49111906,40,185,185,5
451,1,49133506,40,150,150,119
451,2,49144306,40,167,167,29
451,3,49155106,40,156,156,41
452,0,49165906,40,213,213,58
452,1,49176706,40,115,115,112
452,3,49198306,40,171,171,5
453,1,49219906,40,131,131,88
453,2,49230706,40,201,201,35
454,2,49273906,40,269,269,4
454,3,49284706,40,92,92,7
455,0,49295506,40,87,87,42
455,1,49306306,40,126,126,103
455,2,49317106,40,149,149,40
455,3,49327906,40,152,152,5
456,0,49338706,40,114,114,64
456,3,49371106,40,151,151,10
457,0,49381906,40,94,94,42
457,2,49403506,40,140,140,31
458,0,49425106,40,95,95,48
458,2,49446706,40,133,133,32
458,3,49457506,40,120,120,22
459,0,49468306,40,171,171,66
459,1,49479106,40,221,221,111
460,0,49511506,40,111,111,66
460,1,49522306,40,146,146,111
460,2,49533106,40,210,210,30
460,3,49543906,40,151,151,22
461,0,49554706,40,120,120,43
461,1,49565506,40,304,304,116
461,2,49576306,40,176,176,31
461,3,49587106,40,136,136,38
462,0,49597906,40,129,129,76
462,1,49608706,40,168,168,114
462,2,49619506,40,143,143,28
462,3,49630306,40,143,143,9
463,1,49651906,40,219,219,110
463,2,49662706,40,132,132,35
463,3,49673506,40,310,310,23
464,0,49684306,40,126,126,51
464,1,49695106,40,100,100,96
464,2,49705906,40,184,184,4
464,3,49716706,40,124,124,5
465,0,49727506,40,105,105,56
465,1,49738306,40,113,113,105
465,2,49749106,40,164,164,58
465,3,49759906,40,128,128,8
466,0,49770706,40,126,126,41
466,1,49781506,40,1190,1190,117
466,2,49792306,40,165,165,69
466,3,49803106,40,156,152,42
467,0,49813906,40,137,137,64
467,1,49824706,40,173,173,112
467,2,49835506,40,136,136,5
468,0,49857106,40,150,150,53
468,1,49867906,40,124,123,111
468,2,49878706,40,163,163,7
469,1,49911106,40,753,753,117
469,2,49921906,40,209,208,2
469,3,49932706,40,113,113,44
470,1,49954306,40,157,156,107
470,2,49965106,40,186,186,33
470,3,49975906,40,221,221,20
471,0,49986706,40,242,242,42
471,1,49997506,40,143,143,103
472,0,50029906,40,136,135,57
472,1,50040706,40,137,137,103
472,3,50062306,40,682,679,44
473,1,50083906,40,816,816,102
473,2,50094706,40,651,649,5
473,3,50105506,40,1273,1272,31
474,0,50116306,40,1538,1538,49
474,1,50127106,40,999,999,115
474,2,50137906,40,1057,1057,6
474,3,50148706,40,857,857,27
475,0,50159506,40,1037,1036,51
475,1,50170306,40,590,590,105
475,2,50181106,40,527,527,30
476,0,50202706,40,496,495,52
476,1,50213506,40,440,440,110
476,2,50224306,40,461,440,34
476,3,50235106,40,272,272,36
477,1,50256706,40,184,184,106
477,2,50267506,40,87,87,28
477,3,50278306,40,103,103,20
478,2,50310706,40,124,124,8
479,0,50332306,40,78,78,36
479,3,50364706,40,119,119,17
480,2,50397106,40,58,58,26
481,0,50418706,40,129,129,63
481,1,50429506,40,72,72,63
481,2,50440306,40,117,116,4
481,3,50451106,40,72,72,26
482,0,50461906,40,77,77,69
482,1,50472706,40,71,71,59
482,3,50494306,40,68,68,28
483,0,50505106,40,61,61,50
483,1,50515906,40,80,80,70
483,2,50526706,40,81,81,14
484,0,50548306,40,128,128,96
484,1,50559106,40,73,73,59
484,2,50569906,40,104,104,54
485,0,50591506,40,66,66,55
485,1,50602306,40,83,83,70
485,2,50613106,40,174,174,32
485,3,50623906,40,162,162,24
486,0,50634706,40,144,144,92
486,1,50645506,40,83,83,67
486,2,50656306,40,101,101,39
487,1,50688706,40,72,72,50
487,2,50699506,40,40,40,0
487,3,50710306,40,58,58,19
488,0,50721106,40,69,69,52
488,1,50731906,40,60,60,55
488,2,50742706,40,76,76,3
488,3,50753506,40,48,48,16
489,1,50775106,40,107,69,62
489,3,50796706,40,107,106,17
490,0,50807506,40,139,139,89
490,1,50818306,40,53,53,39
490,2,50829106,40,226,226,6
490,3,50839906,40,76,75,4
491,0,50850706,40,74,74,62
491,2,50872306,40,95,95,35
492,0,50893906,40,57,57,43
492,1,50904706,40,86,86,69
492,2,50915506,40,109,106,19
492,3,50926306,40,171,171,20
493,0,50937106,40,52,52,45
493,1,50947906,40,52,52,46
493,2,50958706,40,59,59,2
493,3,50969506,40,70,70,8
494,1,50991106,40,112,112,83
494,2,51001906,40,90,90,3
494,3,51012706,40,89,89,89
495,0,51023506,40,122,120,97
495,1,51034306,40,79,79,75
495,2,51045106,40,187,163,86
495,3,51055906,40,86,86,86
496,0,51066706,40,104,103,91
496,1,51077506,40,102,74,72
496,2,51088306,40,39,39,27
496,3,51099106,40,65,65,65
497,0,51109906,40,83,83,71
497,1,51120706,40,49,49,48
497,2,51131506,40,60,60,43
497,3,51142306,40,43,43,43
498,0,51153106,40,58,58,48
498,1,51163906,40,105,83,83
498,2,51174706,40,73,57,39
498,3,51185506,40,86,83,83
499,0,51196306,40,49,49,37
499,1,51207106,40,67,67,66
499,3,51228706,40,56,56,56
500,0,51239506,40,82,82,82
500,1,51250306,40,69,69,69
500,2,51261106,40,118,118,118
500,3,51271906,40,147,147,120
501,0,51282706,40,57,57,57
501,1,51293506,40,84,84,84
501,2,51304306,40,62,62,62
501,3,51315106,40,51,51,51
502,2,51347506,40,101,75,75
502,3,51358306,40,92,92,92
503,0,51369106,40,63,62,62
503,3,51401506,40,81,81,81
504,0,51412306,40,84,84,84
504,1,51423106,40,74,74,74
504,2,51433906,40,87,87,87
504,3,51444706,40,84,84,84
505,0,51455506,40,93,93,93
505,1,51466306,40,49,49,49
505,2,51477106,40,49,49,49
506,1,51509506,40,135,135,120
506,2,51520306,40,56,56,56
507,0,51541906,40,84,84,84
507,1,51552706,40,100,100,100
507,2,51563506,40,91,91,91
507,3,51574306,40,125,125,120
508,0,51585106,40,73,73,73
508,1,51595906,40,49,49,49
508,3,51617506,40,49,49,49
509,0,51628306,40,46,46,46
509,1,51639106,40,72,72,72
509,2,51649906,40,35,35,35
509,3,51660706,40,35,35,35
510,0,51671506,40,36,36,36
510,3,51703906,40,85,85,85
511,0,51714706,40,34,34,34
511,1,51725506,40,91,91,91
511,2,51736306,40,83,83,83
512,0,51757906,40,68,68,68
512,1,51768706,40,117,117,117
512,2,51779506,40,63,63,63
512,3,51790306,40,39,39,39
513,0,51801106,40,184,184,120
513,1,51811906,40,67,67,67
513,2,51822706,40,109,97,97
513,3,51833506,40,79,62,62
514,0,51844306,40,97,97,97
514,1,51855106,40,81,81,81
514,2,51865906,40,100,100,100
515,1,51898306,40,136,118,118
515,2,51909106,40,90,70,70
515,3,51919906,40,54,54,54
516,0,51930706,40,62,62,62
516,1,51941506,40,60,59,59
516,3,51963106,40,144,144,120
517,0,51973906,40,52,52,52
517,1,51984706,40,330,137,120
517,2,51995506,40,74,74,74
517,3,52006306,40,64,64,64
518,1,52027906,40,121,121,120
518,3,52049506,40,97,93,93
519,0,52060306,40,57,57,57
519,1,52071106,40,53,53,53
519,2,52081906,40,120,120,120
519,3,52092706,40,83,83,83
520,1,52114306,40,162,162,120
520,2,52125106,40,110,110,110
521,0,52146706,40,68,68,68
521,1,52157506,40,186,186,120
521,3,52179106,40,264,264,120
522,0,52189906,40,94,94,94
522,1,52200706,40,69,69,69
522,2,52211506,40,77,77,77
523,0,52233106,40,101,101,101
523,1,52243906,40,87,87,87
523,2,52254706,40,87,87,87
524,0,52276306,40,91,91,91
524,1,52287106,40,90,90,90
524,2,52297906,40,146,146,120
