date,settlements_est,sampled_windows,sampled_blocks,sampled_settlements,unique_payers_sampled,unique_payees_sampled,usdc_volume_est,usdc_volume_est_excl_tickets_over_10k,median_ticket_usdc,self_payment_share
2025-05-01,5130,4,160,19,18,17,949757.33,949757.33,0.0005,0.0
2025-05-02,5130,4,160,19,18,17,48042.42,48042.42,0.01,0.0
2025-05-03,12690,4,160,47,15,35,5963.37,5963.37,0.0002,0.0
2025-05-04,24030,4,160,89,16,55,7168.77,7168.77,0.0001,0.0
2025-05-05,4680,3,120,13,10,11,5.08,5.08,0.0005,0.0
2025-05-06,1080,4,160,4,4,4,37065.65,37065.65,18.625101,0.0
2025-05-07,5400,4,160,20,20,15,687889.59,687889.59,7.5,0.0
2025-05-08,2880,3,120,8,8,8,513386.57,513386.57,128.966945,0.0
2025-05-09,720,3,120,2,2,2,21068.65,21068.65,29.262017,0.0
2025-05-10,2160,4,160,8,8,8,823906.24,823906.24,83.647597,0.125
2025-05-11,1080,2,80,2,2,2,31044.05,31044.05,28.744491,0.0
2025-05-12,1350,4,160,5,5,5,3446783.86,476783.86,722.854185,0.0
2025-05-13,3600,3,120,10,10,10,2403432.69,2403432.69,67.718832,0.0
2025-05-14,270,4,160,1,1,1,56700.0,56700.0,210.0,0.0
2025-05-15,1890,4,160,7,7,7,190104851.99,1104851.99,510.0,0.0
2025-05-16,2160,2,80,4,4,4,772513.98,772513.98,114.232379,0.0
2025-05-17,1620,4,160,6,6,6,149621.92,149621.92,83.467662,0.0
2025-05-18,720,3,120,2,2,2,113892.48,113892.48,158.184,0.0
2025-05-19,1350,4,160,5,5,5,104033.7,104033.7,89.0,0.0
2025-05-20,2700,4,160,10,10,10,7533615.7,1773165.7,104.595598,0.0
2025-05-21,1620,4,160,6,6,6,3111035.46,3111035.46,128.432424,0.0
2025-05-22,2160,4,160,8,8,8,5847331.74,203791.74,81.35,0.0
2025-05-23,3240,3,120,9,6,9,3958985.76,3958985.76,35.0,0.0
2025-05-24,1800,3,120,5,5,5,255533.62,255533.62,4.195944,0.0
2025-05-25,540,2,80,1,1,1,3068.94,3068.94,5.68322,0.0
2025-05-26,1620,2,80,3,3,3,5429211.05,5429211.05,49.094536,0.0
2025-05-27,4590,4,160,17,16,17,7480728.51,1817836.53,213.2,0.0588
2025-05-28,4320,4,160,16,16,12,2562951.48,2562951.48,37.647832,0.0625
2025-05-29,2430,4,160,9,9,9,6258701.5,858701.5,100.0,0.0
2025-05-30,1620,2,80,3,3,3,21640248.09,32167.9,32.0,0.0
2025-05-31,720,3,120,2,2,2,1260816.42,1260816.42,1751.133916,0.0
2025-06-01,1080,2,80,2,2,2,207146.52,207146.52,191.80233,0.0
2025-06-02,1440,3,120,4,4,4,18002356.14,5956.14,7.631824,0.0
2025-06-03,2700,2,80,5,4,5,5637600.0,5637600.0,12.0,0.0
2025-06-04,2970,4,160,11,11,11,418228.38,418228.38,40.0,0.0
2025-06-05,1620,4,160,6,6,6,2781368.55,2781368.55,37.5,0.0
2025-06-06,3240,3,120,9,9,9,136536.48,136536.48,12.0,0.0
2025-06-07,1440,3,120,4,4,4,1330492.32,1330492.32,47.989586,0.0
2025-06-08,2700,2,80,5,4,5,1067532.95,1067532.95,12.0,0.0
2025-06-09,3780,4,160,14,14,10,174150.36,174150.36,34.441029,0.0
2025-06-10,4320,4,160,16,15,16,986997.08,986997.08,41.004343,0.0
2025-06-11,1890,4,160,7,7,7,179971.85,179971.85,18.0601,0.0
2025-06-12,2880,3,120,8,8,8,410386.89,410386.89,44.3,0.0
2025-06-13,2430,4,160,9,8,9,4627076.4,1657076.4,24.0,0.0
2025-06-14,3240,3,120,9,8,9,309062.97,309062.97,5.2748,0.0
2025-06-15,2700,4,160,10,9,10,94064.75,94064.75,12.0,0.0
2025-06-16,3240,3,120,9,9,9,153397.94,153397.94,24.0,0.0
2025-06-17,4320,4,160,16,16,16,2298134.94,2298134.94,51.4,0.0
2025-06-18,2970,4,160,11,10,11,7295205.5,140205.47,24.505194,0.0
2025-06-19,5130,4,160,19,19,19,2593537.3,2593537.3,50.2,0.0
2025-06-20,2700,4,160,10,10,10,13668888.62,1767674.26,130.11309,0.0
2025-06-21,1080,3,120,3,3,3,65718.0,65718.0,44.55,0.0
2025-06-22,1620,4,160,6,6,6,89188.51,89188.51,22.28,0.0
2025-06-23,2700,4,160,10,10,10,15341171.22,1706171.22,170.279333,0.0
2025-06-24,2160,3,120,6,6,6,162185090.53,57027.52,38.61906,0.0
2025-06-25,2160,3,120,6,6,6,1063298.78,1063298.78,47.62744,0.0
2025-06-26,4050,4,160,15,14,15,1689228.69,1689228.69,30.0,0.0
2025-06-27,3240,4,160,12,11,12,1130002.66,1130002.66,18.510497,0.0
2025-06-28,1800,3,120,5,5,5,205983.3,205983.3,25.0,0.0
2025-06-29,2160,3,120,6,6,6,272710.82,272710.82,50.0,0.0
2025-06-30,3240,3,120,9,9,9,416148.37,416148.37,30.0,0.0
2025-07-01,2880,3,120,8,8,8,327533.82,327533.82,6.725697,0.0
2025-07-02,2430,4,160,9,8,9,759872.89,759872.89,100.0,0.0
2025-07-03,2880,3,120,8,8,8,10929275.74,2103875.74,373.91416,0.0
2025-07-04,3510,4,160,13,12,13,260402.2,260402.2,31.0,0.0
2025-07-05,3510,4,160,13,12,13,896358.43,896358.43,31.166255,0.0
2025-07-06,1800,3,120,5,5,5,290640.2,290640.2,24.0,0.0
2025-07-07,2520,3,120,7,7,7,828965.58,828965.58,31.233176,0.0
2025-07-08,2520,3,120,7,7,7,6838777.78,2878777.78,63.0,0.0
2025-07-09,3780,4,160,14,14,14,17782570.61,2650503.43,41.705025,0.0
2025-07-10,6480,3,120,18,9,9,3789363.37,3789363.37,0.0001,0.0
2025-07-11,3240,3,120,9,9,9,3437560.22,3437560.22,45.0,0.0
2025-07-12,2520,3,120,7,7,7,795908.02,795908.02,234.967722,0.0
2025-07-13,2700,4,160,10,10,10,156351.78,156351.78,26.482845,0.0
2025-07-14,2160,4,160,8,8,8,586139.65,586139.65,17.465414,0.125
2025-07-15,1620,2,80,3,3,3,824109.98,824109.98,20.880203,0.0
2025-07-16,5040,3,120,14,14,14,3960224.26,3960224.26,235.523376,0.0
2025-07-17,4320,4,160,16,16,16,4665191.34,615191.34,31.11905,0.0
2025-07-18,4860,4,160,18,18,17,4121362.59,4121362.59,25.765481,0.0
2025-07-19,1800,3,120,5,5,5,260629.67,260629.67,100.0,0.0
2025-07-20,4320,4,160,16,16,10,237636.17,237636.17,37.421749,0.0
2025-07-21,4320,3,120,12,12,12,2926271.51,2926271.51,74.448781,0.0
2025-07-22,1350,4,160,5,5,5,184067.47,184067.47,75.036,0.0
2025-07-23,6480,3,120,18,13,15,7088020.61,1173645.41,1.010161,0.0
2025-07-24,3960,3,120,11,11,11,1683951.95,1683951.95,75.0,0.0
2025-07-25,1800,3,120,5,5,5,500378.7,500378.7,50.0,0.0
2025-07-26,1620,2,80,3,3,3,366552.97,366552.97,20.0,0.0
2025-07-27,5400,2,80,10,7,10,4996237.69,4996237.69,13.752463,0.0
2025-07-28,4050,4,160,15,15,14,3327762.6,3327762.6,477.464108,0.0
2025-07-29,6120,3,120,17,12,13,556980.6,556980.6,24.723844,0.0
2025-07-30,1800,3,120,5,5,5,24273.54,24273.54,10.0,0.0
2025-07-31,5400,3,120,15,7,10,2552477.16,2552477.16,0.013449,0.0
2025-08-01,3600,3,120,10,10,10,4322086.51,4322086.51,30.50156,0.0
2025-08-02,4590,4,160,17,10,12,1397570.66,1397570.66,9.0,0.0
2025-08-03,1440,3,120,4,4,4,474126.58,474126.58,206.629649,0.0
2025-08-04,3600,3,120,10,6,8,918813.64,918813.64,0.024283,0.0
2025-08-05,5670,4,160,21,13,11,1536335.56,1536335.56,15.52,0.0
2025-08-06,1080,3,120,3,3,2,2597414.4,2597414.4,2450.03,0.0
2025-08-07,6480,3,120,18,10,12,692963.43,692963.43,5.025215,0.0
2025-08-08,7560,4,160,28,14,15,1066599.27,1066599.27,0.044242,0.0714
2025-08-09,6210,4,160,23,7,9,1416364.52,1416364.52,0.002473,0.0
2025-08-10,8100,4,160,30,11,13,1067602.74,1067602.74,0.009184,0.0
2025-08-11,9450,4,160,35,20,21,1206985.18,1206985.18,1.0,0.0
2025-08-12,3240,4,160,12,5,7,21569.99,21569.99,0.008495,0.0
2025-08-13,4320,4,160,16,7,9,374815.36,374815.36,0.027255,0.0
2025-08-14,2970,4,160,11,10,11,3767236.08,818720.88,120.01795,0.0
2025-08-15,3600,3,120,10,7,9,7270670.34,1508506.74,45.139426,0.0
2025-08-16,2700,4,160,10,10,10,3763362.7,122826.96,45.0,0.0
2025-08-17,2520,3,120,7,7,7,23208.29,23208.29,5.0,0.0
2025-08-18,4320,3,120,12,12,11,29331863.96,496252.72,47.295,0.0
2025-08-19,5130,4,160,19,13,16,373646.76,373646.76,4.0,0.0
2025-08-20,3960,3,120,11,11,11,3689078.26,3689078.26,255.0,0.0
2025-08-21,6120,3,120,17,11,14,1717679.76,1717679.76,0.54,0.0
2025-08-22,4590,4,160,17,15,14,19826631.73,3089331.73,99.650445,0.0
2025-08-23,1800,3,120,5,5,3,249419.23,249419.23,12.0,0.0
2025-08-24,5760,3,120,16,13,15,2411443.72,2411443.72,11.456604,0.0
2025-08-25,4590,4,160,17,12,13,1440942.28,1440942.28,15.94068,0.0
2025-08-26,2700,4,160,10,7,9,438408.22,438408.22,24.27601,0.0
2025-08-27,5040,3,120,14,13,14,1678620.68,1678620.68,8.587412,0.0
2025-08-28,3780,4,160,14,12,14,638091.18,638091.18,29.312125,0.0
2025-08-29,2520,3,120,7,7,7,103808.2,103808.2,35.82,0.0
2025-08-30,2520,3,120,7,7,7,208532.23,208532.23,33.890946,0.0
2025-08-31,2160,3,120,6,6,6,833643.48,833643.48,54.55,0.1667
2025-09-01,4320,4,160,16,15,16,700679.37,700679.37,49.760126,0.0
2025-09-02,3780,4,160,14,13,14,1464014.59,1464014.59,4.311383,0.0
2025-09-03,2700,4,160,10,10,10,427681.97,427681.97,149.076021,0.0
2025-09-04,5670,4,160,21,10,13,1082647.19,1082647.19,0.00985,0.0
2025-09-05,6480,3,120,18,6,8,1361704.65,1361704.65,0.004031,0.0
2025-09-06,5040,3,120,14,10,12,2817427.23,2817427.23,5.995,0.0
2025-09-07,2160,3,120,6,6,6,122726.68,122726.68,17.5,0.0
2025-09-08,6480,4,160,24,12,14,721898.49,721898.49,0.013048,0.0417
2025-09-09,8370,4,160,31,14,16,5381165.65,5381165.65,0.007992,0.0
2025-09-10,5670,4,160,21,14,16,3002590.02,3002590.02,24.0,0.0
2025-09-11,1800,3,120,5,5,5,458089.25,458089.25,9.669631,0.0
2025-09-12,2160,3,120,6,6,6,583193.23,583193.23,32.13291,0.0
2025-09-13,1080,2,80,2,2,2,280800.0,280800.0,260.0,0.0
2025-09-14,3240,4,160,12,10,12,2582702.85,2582702.85,6.5,0.0
2025-09-15,5040,3,120,14,12,12,724324.77,724324.77,63.495,0.0
2025-09-16,8640,4,160,32,12,15,136659.27,136659.27,0.008923,0.0312
2025-09-17,3600,3,120,10,6,8,86668.22,86668.22,0.025368,0.0
2025-09-18,4320,2,80,8,5,7,1111221.75,1111221.75,9.409492,0.0
2025-09-19,4320,3,120,12,6,8,5677815.95,24142.46,0.009916,0.0
2025-09-20,5670,4,160,21,10,13,5062658.15,484524.58,0.00985,0.0
2025-09-21,1800,3,120,5,5,5,403621.85,403621.85,25.0,0.0
2025-09-22,4680,3,120,13,9,11,530635.24,530635.24,2.0,0.0
2025-09-23,5940,2,80,11,8,10,1211216.47,1211216.47,3.0,0.0
2025-09-24,4320,4,160,16,10,12,865003.78,865003.78,0.211246,0.0
2025-09-25,3780,4,160,14,14,14,28916715.42,1916715.42,93.010921,0.0
2025-09-26,2970,4,160,11,11,11,1385770.61,1385770.61,25.0,0.0
2025-09-27,4050,4,160,15,13,15,220415.9,220415.9,19.035981,0.0
2025-09-28,1080,4,160,4,4,4,2573121.54,2573121.54,522.373734,0.0
2025-09-29,31050,4,160,115,21,21,354817.38,354817.38,0.0006,0.0
2025-09-30,4050,4,160,15,13,15,6448666.88,88177.15,15.810652,0.0
2025-10-01,4680,3,120,13,12,13,1456901.83,1456901.83,27.05406,0.0
2025-10-02,8280,3,120,23,17,20,556982.89,556982.89,2.031677,0.0
2025-10-03,6840,3,120,19,19,19,10346576.91,6430464.05,100.62,0.0
2025-10-04,3240,3,120,9,8,9,40030564.46,430564.45,10.0,0.0
2025-10-05,6480,3,120,18,4,6,149865.2,149865.2,0.001335,0.0
2025-10-06,4320,4,160,16,10,12,3084398.11,3084398.11,2.933162,0.0
2025-10-07,3510,4,160,13,10,10,332480.18,332480.18,10.0,0.0
2025-10-08,4320,4,160,16,11,13,4181190.3,4181190.3,15.0,0.0
2025-10-09,7920,3,120,22,14,16,364259.68,364259.68,0.53795,0.0
2025-10-10,4860,4,160,18,13,15,1673522.19,1673522.19,5.05,0.0556
2025-10-11,3780,4,160,14,11,11,5972769.6,849479.1,26.202131,0.0
2025-10-12,2520,3,120,7,5,5,57391.39,57391.39,1.870592,0.0
2025-10-13,5400,2,80,10,5,7,521510.81,521510.81,0.007088,0.0
2025-10-14,5670,4,160,21,15,16,3316896.43,3316896.43,30.845,0.0
2025-10-15,3960,3,120,11,9,11,141525.48,141525.48,14.99,0.0
2025-10-16,4320,3,120,12,9,11,557584.29,557584.29,1.417809,0.0
2025-10-17,7560,3,120,21,13,15,4545950.09,4545950.09,0.01,0.0476
2025-10-18,6210,4,160,23,12,14,363178.34,363178.34,0.0298,0.0
2025-10-19,4680,3,120,13,10,12,394053.52,394053.52,19.0,0.0
2025-10-20,1620,4,160,6,6,6,344258.1,344258.1,50.0,0.0
2025-10-21,10440,3,120,29,10,11,3688518.15,87084.16,1.0,0.0
2025-10-22,44640,3,120,124,38,13,135387.65,135387.65,1.0,0.0
2025-10-23,3240,4,160,12,10,10,6768651.44,2084151.44,2.18,0.0
2025-10-24,278370,4,160,1031,457,39,5174309.85,1259759.18,1.0,0.0029
2025-10-25,318600,4,160,1180,386,43,822640.03,822640.03,0.01,0.0017
2025-10-26,658080,3,120,1828,629,48,5963088.26,5963088.26,1.0,0.0
2025-10-27,386100,2,80,715,221,61,3802383.47,3802383.47,1.0,0.0028
2025-10-28,201240,3,120,559,220,49,2468624.65,2468624.65,0.01,0.0429
2025-10-29,475200,1,40,440,177,28,825716.82,825716.82,0.1,0.0091
2025-10-30,337500,4,160,1250,635,72,774276.66,774276.66,0.03,0.0512
2025-10-31,902880,4,160,3344,400,52,661590.17,661590.17,0.01,0.4865
2025-11-01,543600,3,120,1510,325,37,372195.09,372195.09,0.01,0.1901
2025-11-02,2282040,3,120,6339,343,48,1521577.87,1521577.87,1.0,0.5657
2025-11-03,4401540,4,160,16302,354,125,4027375.94,4027375.94,1.0,0.8403
2025-11-04,1596240,4,160,5912,283,62,1147123.5,1147123.5,1.0,0.6397
2025-11-05,698040,3,120,1939,236,30,533022.84,533022.84,0.02,0.0
2025-11-06,1182600,4,160,4380,289,59,362104.97,362104.97,0.1,0.4674
2025-11-07,702720,3,120,1952,217,44,253813.19,253813.19,0.02,0.0
2025-11-08,1028700,2,80,1905,539,28,270230.59,270230.59,0.02,0.001
2025-11-09,1434510,4,160,5313,1650,52,551603.22,551603.22,0.02,0.0391
2025-11-10,1504440,3,120,4179,2643,37,894244.22,894244.22,0.01,0.0019
2025-11-11,1179900,4,160,4370,1693,80,1896873.15,1896873.15,0.01,0.0034
2025-11-12,2187000,4,160,8100,1490,71,3797016.5,1097016.5,0.02,0.3343
2025-11-13,3582360,2,80,6634,896,50,1817395.22,1817395.22,0.1,0.6943
2025-11-14,2469960,4,160,9148,732,64,3406257.54,3406257.54,0.1,0.6517
2025-11-15,3635550,4,160,13465,1181,61,6598153.93,2724931.36,0.1,0.6386
2025-11-16,4148550,4,160,15365,1132,62,2900479.18,2900479.18,0.1,0.6204
2025-11-17,3733560,3,120,10371,1029,50,5230169.95,5230169.95,0.1,0.6222
2025-11-18,2988360,3,120,8301,864,47,4495523.3,4495523.3,0.1,0.5691
2025-11-19,3940200,3,120,10945,1471,49,3442908.89,3442908.89,0.1,0.5322
2025-11-20,3439080,3,120,9553,1583,33,5937828.49,5937828.49,0.1,0.6256
2025-11-21,1678680,3,120,4663,739,31,4068187.45,4068187.45,0.01,0.1276
2025-11-22,1459080,2,80,2702,779,26,6559443.6,6559443.6,0.01,0.0
2025-11-23,2097360,3,120,5826,1555,55,832637.33,832637.33,0.01,0.0
2025-11-24,2810160,3,120,7806,1521,153,8563343.93,643343.93,0.01,0.1758
2025-11-25,2413800,3,120,6705,1335,103,11731757.08,931757.08,0.01,0.3075
2025-11-26,3292560,3,120,9146,1712,115,1044206.48,1044206.48,0.02,0.3909
2025-11-27,2514240,3,120,6984,1145,112,705982.27,705982.27,0.02,0.3988
2025-11-28,1561140,4,160,5782,985,51,449261.66,449261.66,0.01,0.3085
2025-11-29,1195020,4,160,4426,1434,32,94432.91,94432.91,0.01,0.0
2025-11-30,1342170,4,160,4971,1714,41,62934.75,62934.75,0.01,0.0
2025-12-01,1238760,3,120,3441,1276,24,258470.78,258470.78,0.01,0.0003
2025-12-02,1081080,4,160,4004,1720,58,743800.27,743800.27,0.01,0.0
2025-12-03,1392930,4,160,5159,1835,72,1561194.73,1561194.73,0.01,0.0
2025-12-04,1378440,3,120,3829,1381,57,1467511.86,1467511.86,0.01,0.0003
2025-12-05,822600,3,120,2285,1026,25,654120.34,654120.34,0.01,0.0
2025-12-06,1367820,4,160,5066,1609,72,192565.08,192565.08,0.01,0.0002
2025-12-07,1369440,4,160,5072,1564,68,344625.64,344625.64,0.01,0.0
2025-12-08,1350540,4,160,5002,1829,73,6852237.21,1609105.23,0.01,0.0
2025-12-09,1435320,4,160,5316,1684,289,406020.21,406020.21,0.01,0.0004
2025-12-10,1787400,3,120,4965,1786,95,2533926.77,2533926.77,0.01,0.0
2025-12-11,1499580,4,160,5554,1884,85,310820.74,310820.74,0.01,0.0002
2025-12-12,1490400,4,160,5520,1810,175,1970392.69,1970392.69,0.01,0.0002
2025-12-13,1307880,4,160,4844,1673,189,2236759.78,2236759.78,0.01,0.0002
2025-12-14,1374840,4,160,5092,1913,42,1327792.09,1327792.09,0.01,0.0002
2025-12-15,1329840,3,120,3694,1519,39,524425.34,524425.34,0.01,0.0003
2025-12-16,1319760,2,80,2444,918,23,486630.4,486630.4,0.01,0.0004
2025-12-17,1364040,4,160,5052,1583,45,953630.2,953630.2,0.01,0.0004
2025-12-18,1274400,3,120,3540,1342,37,54001.3,54001.3,0.01,0.0
2025-12-19,1278720,3,120,3552,1367,40,584317.48,584317.48,0.01,0.0
2025-12-20,1453410,4,160,5383,1584,51,298935.86,298935.86,0.01,0.0004
2025-12-21,1250280,3,120,3473,1129,39,909901.78,909901.78,0.01,0.0
2025-12-22,1445850,4,160,5355,1709,33,59890.71,59890.71,0.01,0.0004
2025-12-23,1588140,2,80,2941,1228,31,121587.82,121587.82,0.01,0.0
2025-12-24,1517400,2,80,2810,970,31,113654.73,113654.73,0.01,0.0
2025-12-25,1414800,3,120,3930,1144,33,233807.96,233807.96,0.01,0.0003
2025-12-26,2100870,4,160,7781,1697,28,82677.15,82677.15,0.01,0.0001
2025-12-27,1249920,3,120,3472,1214,32,54322.54,54322.54,0.01,0.0
2025-12-28,1490670,4,160,5521,1842,37,148868.06,148868.06,0.01,0.0002
2025-12-29,1321380,2,80,2447,765,27,169995.28,169995.28,0.01,0.0
2025-12-30,1360080,3,120,3778,1190,37,21736812.76,133529.06,0.01,0.0005
2025-12-31,1322460,4,160,4898,1611,33,4190959.94,799119.91,0.01,0.0002
2026-01-01,797040,4,160,2952,1672,27,660433.91,660433.91,0.0001,0.0003
2026-01-02,534240,3,120,1484,787,23,281207.37,281207.37,0.0001,0.0007
2026-01-03,450360,3,120,1251,665,18,232121.65,232121.65,0.01,0.0
2026-01-04,717660,4,160,2658,1477,25,171710.78,171710.78,0.0001,0.0
2026-01-05,817020,4,160,3026,1689,24,29540.55,29540.55,0.0001,0.0
2026-01-06,681480,3,120,1893,1134,15,595598.83,595598.83,0.0001,0.0
2026-01-07,583200,3,120,1620,954,15,176552.48,176552.48,0.0001,0.0
2026-01-08,673650,4,160,2495,1054,26,4379230.83,4379230.83,0.0001,0.0004
2026-01-09,642060,2,80,1189,747,29,378518.57,378518.57,0.0001,0.0
2026-01-10,658080,3,120,1828,957,23,16363351.6,1963351.6,0.0001,0.0
2026-01-11,516780,4,160,1914,992,22,1605105.3,1605105.3,0.0001,0.0005
2026-01-12,485730,4,160,1799,957,28,1455501.23,1455501.23,0.0001,0.0006
2026-01-13,543240,1,40,503,425,11,12185.37,12185.37,0.0001,0.002
2026-01-14,462960,3,120,1286,891,20,102967.58,102967.58,0.0001,0.0
2026-01-15,488880,3,120,1358,956,27,646285.47,646285.47,0.0001,0.0
2026-01-16,513360,3,120,1426,1013,20,4527084.31,4527084.31,0.0001,0.0
2026-01-17,487350,4,160,1805,1093,21,3036619.67,3036619.67,0.0001,0.0
2026-01-18,517680,3,120,1438,1032,24,82843.64,82843.64,0.0001,0.0007
2026-01-19,461880,3,120,1283,878,21,135021.6,135021.6,0.0001,0.0016
2026-01-20,319140,4,160,1182,804,28,7367825.23,4611788.45,0.0001,0.0025
2026-01-21,351540,4,160,1302,844,22,1394441.67,1394441.67,0.0001,0.0
2026-01-22,318600,3,120,885,696,13,537938.92,537938.92,0.0001,0.0011
2026-01-23,69390,4,160,257,181,25,11973572.61,1224438.96,0.0001,0.0
2026-01-24,75960,3,120,211,162,11,17460.86,17460.86,0.01,0.0047
2026-01-25,63720,2,80,118,100,11,1841780.23,1841780.23,0.00055,0.0085
2026-01-26,79920,4,160,296,237,19,1295964.95,1295964.95,0.0001,0.0
2026-01-27,65610,4,160,243,174,28,18111027.16,4611027.16,0.001,0.0041
2026-01-28,49140,2,80,91,89,13,111397.79,111397.79,0.0001,0.0
2026-01-29,79380,4,160,294,189,16,353766.24,353766.24,0.001,0.0068
2026-01-30,29520,3,120,82,67,18,277203.79,277203.79,0.0001,0.0122
2026-01-31,7290,4,160,27,17,14,329090.43,329090.43,0.0252,0.0
2026-02-01,20250,4,160,75,41,15,294632.23,294632.23,0.5,0.0
2026-02-02,28080,4,160,104,35,16,48638503.01,300133.01,0.5,0.0096
2026-02-03,23490,4,160,87,29,21,310667.1,310667.1,0.001,0.023
2026-02-04,21600,4,160,80,32,24,5483028.32,87078.32,0.001,0.0125
2026-02-05,26190,4,160,97,27,21,7068766.65,201813.45,0.01,0.0
2026-02-06,38070,4,160,141,53,34,48944.2,48944.2,0.002,0.0071
2026-02-07,30600,3,120,85,61,24,393938.6,393938.6,0.1,0.0118
2026-02-08,70560,3,120,196,74,20,692793.88,692793.88,0.06325,0.0
2026-02-09,41040,4,160,152,68,14,61904.95,61904.95,0.0011,0.0
2026-02-10,43740,4,160,162,52,24,88897.94,88897.94,0.02,0.0123
2026-02-11,58320,4,160,216,87,24,80195.48,80195.48,0.010042,0.0139
2026-02-12,57510,4,160,213,70,22,33115.53,33115.53,0.01,0.0047
2026-02-13,50220,4,160,186,64,20,18185701.65,6035701.65,0.010303,0.0
2026-02-14,60480,1,40,56,28,8,29075.13,29075.13,0.013725,0.0
2026-02-15,72720,3,120,202,71,16,381804.95,381804.95,0.014678,0.0
2026-02-16,78480,3,120,218,86,18,159502.91,159502.91,0.013343,0.0
2026-02-17,148500,2,80,275,73,13,6718912.86,288052.86,0.01,0.0
2026-02-18,52200,3,120,145,61,20,2833474.63,2833474.63,0.020425,0.0069
2026-02-19,90720,3,120,252,136,36,1622213.22,1622213.22,0.022363,0.004
2026-02-20,73440,4,160,272,137,59,670926.77,670926.77,0.012209,0.0
2026-02-21,84240,3,120,234,101,33,54545.17,54545.17,0.018913,0.0043
2026-02-22,120960,3,120,336,218,19,540465.99,540465.99,0.25,0.003
2026-02-23,138240,4,160,512,238,24,299133.56,299133.56,0.01,0.0039
2026-02-24,100980,4,160,374,152,19,205903.57,205903.57,0.011204,0.0
2026-02-25,65610,4,160,243,107,27,597919.17,597919.17,0.01615,0.0082
2026-02-26,70920,3,120,197,105,21,118034.71,118034.71,0.01052,0.0051
2026-02-27,62640,4,160,232,126,24,162611.38,162611.38,0.02,0.0
2026-02-28,110160,3,120,306,163,21,488610.39,488610.39,0.02,0.0
2026-03-01,77040,3,120,214,136,19,119910.25,119910.25,0.027472,0.0
2026-03-02,51840,4,160,192,120,24,1605649.1,1605649.1,0.02338,0.0
2026-03-03,51120,3,120,142,68,17,69436.59,69436.59,0.01,0.0
2026-03-04,112680,3,120,313,93,23,751163.68,751163.68,0.01,0.0064
2026-03-05,106110,4,160,393,172,32,9757855.7,1453804.12,0.011582,0.0025
2026-03-06,107460,4,160,398,220,33,183547.19,183547.19,0.052421,0.0025
2026-03-07,131760,3,120,366,155,24,387387.02,387387.02,0.01,0.0027
2026-03-08,112590,4,160,417,183,27,139855.67,139855.67,0.01,0.0048
2026-03-09,94770,4,160,351,221,28,2025318.85,2025318.85,0.01,0.0028
2026-03-10,84240,3,120,234,101,23,653959.26,653959.26,0.01,0.0043
2026-03-11,113670,4,160,421,167,28,2765948.65,2765948.65,0.01,0.0
2026-03-12,117720,2,80,218,100,24,1217283.62,1217283.62,0.01,0.0046
2026-03-13,63990,4,160,237,115,32,4476215.91,175115.91,0.01,0.0169
2026-03-14,77760,4,160,288,193,31,137252.75,137252.75,0.0495,0.0174
2026-03-15,74790,4,160,277,181,28,123875.41,123875.41,0.025,0.0578
2026-03-16,69120,3,120,192,115,28,399607.4,399607.4,0.0113,0.0625
2026-03-17,57960,3,120,161,75,32,11917706.06,1117706.06,0.01,0.0311
2026-03-18,71640,3,120,199,111,25,1985976.99,1985976.99,0.005586,0.0402
2026-03-19,78840,4,160,292,148,27,126908.47,126908.47,0.01,0.0651
2026-03-20,81000,4,160,300,143,31,52357.71,52357.71,0.009309,0.0433
2026-03-21,66960,3,120,186,104,21,856061.02,856061.02,0.01,0.0
2026-03-22,45000,3,120,125,79,25,1879588.65,1879588.65,0.01,0.096
2026-03-23,53460,4,160,198,112,29,239269.17,239269.17,0.007711,0.0455
2026-03-24,51030,4,160,189,84,24,637715.2,637715.2,0.01,0.0053
2026-03-25,56430,4,160,209,83,22,4318525.92,74536.65,0.00125,0.0
2026-03-26,76680,3,120,213,93,23,280165.96,280165.96,0.00125,0.0047
2026-03-27,45630,4,160,169,68,25,322528.8,322528.8,0.005268,0.0
2026-03-28,37080,3,120,103,48,16,14234.93,14234.93,0.01,0.0
2026-03-29,39420,4,160,146,81,20,10585.55,10585.55,0.01,0.0068
2026-03-30,38880,3,120,108,54,22,168896.37,168896.37,0.01,0.0
2026-03-31,47520,4,160,176,91,35,179166.2,179166.2,0.01,0.1023
2026-04-01,54810,4,160,203,91,32,94510.59,94510.59,0.00125,0.1281
2026-04-02,63360,3,120,176,64,29,1524253.52,1524253.52,0.001,0.0795
2026-04-03,68040,1,40,63,17,11,1145600.15,1145600.15,0.001,0.0794
2026-04-04,78840,3,120,219,52,29,7796924.66,398924.66,0.001,0.0822
2026-04-05,70920,3,120,197,61,28,143273.67,143273.67,0.005,0.0914
2026-04-06,122040,4,160,452,110,34,1168960.7,1168960.7,0.001,0.0553
2026-04-07,83700,4,160,310,95,31,241980.6,241980.6,0.01,0.0774
2026-04-08,97200,3,120,270,79,39,3379562.56,3379562.56,0.001,0.0296
2026-04-09,106560,3,120,296,76,34,639383.61,639383.61,0.001,0.0642
2026-04-10,80730,4,160,299,66,32,320244.08,320244.08,0.001,0.0769
2026-04-11,76950,4,160,285,73,39,126456.73,126456.73,0.001,0.0877
2026-04-12,88290,4,160,327,86,50,31175221.72,152221.72,0.001,0.0367
2026-04-13,94230,4,160,349,107,47,5882253.63,531448.36,0.001,0.0
2026-04-14,81270,4,160,301,94,41,29431.67,29431.67,0.001,0.0033
2026-04-15,57240,3,120,159,52,25,65256.5,65256.5,0.001,0.0
2026-04-16,67500,4,160,250,104,42,206267.78,206267.78,0.001,0.004
2026-04-17,41580,4,160,154,79,50,1330644.12,1330644.12,0.001,0.0195
2026-04-18,73980,4,160,274,78,33,1493441.44,1493441.44,0.001,0.0036
2026-04-19,93960,4,160,348,73,36,1539517.38,1539517.38,0.001,0.0
2026-04-20,102240,3,120,284,80,39,287464.34,287464.34,0.001,0.0
2026-04-21,68760,3,120,191,65,35,1572728.77,1572728.77,0.001,0.0628
2026-04-22,210240,3,120,584,85,42,2874399.63,2874399.63,0.001,0.036
2026-04-23,62640,4,160,232,88,61,81756.65,81756.65,0.001,0.0302
2026-04-24,146340,4,160,542,206,52,3476864.91,406490.83,0.007,0.0037
2026-04-25,90360,3,120,251,104,37,4971740.87,291092.87,0.001,0.004
2026-04-26,95580,4,160,354,90,36,104890.62,104890.62,0.001,0.0
2026-04-27,97200,4,160,360,83,29,291908.42,291908.42,0.001,0.0
2026-04-28,100440,3,120,279,91,33,22783.1,22783.1,0.001,0.0
2026-04-29,88290,4,160,327,102,42,230230.0,230230.0,0.001,0.0031
2026-04-30,79560,3,120,221,84,44,852203.07,852203.07,0.001,0.0045
2026-05-01,100440,4,160,372,184,49,294639.21,294639.21,0.0045,0.0027
2026-05-02,77400,3,120,215,118,29,100506.74,100506.74,0.001,0.0
2026-05-03,108720,3,120,302,133,34,843520.65,843520.65,0.0025,0.0033
2026-05-04,218970,4,160,811,149,44,66206.1,66206.1,0.004,0.0012
2026-05-05,104400,3,120,290,53,137,526826.24,526826.24,0.005,0.0
2026-05-06,134730,4,160,499,53,45,5038238.91,1185374.01,0.005,0.002
2026-05-07,125550,4,160,465,174,65,5643936.88,2728206.88,0.01,0.0022
2026-05-08,81000,1,40,75,24,36,218001.57,218001.57,0.001,0.0
2026-05-09,73710,4,160,273,61,67,96081.19,96081.19,0.001,0.0073
2026-05-10,61920,3,120,172,42,61,232136.01,232136.01,0.001,0.0
2026-05-11,96120,3,120,267,73,39,36709290.52,857738.66,0.001,0.0
2026-05-12,112680,3,120,313,110,61,298957.0,298957.0,0.001,0.0032
2026-05-13,154080,3,120,428,201,47,1133723.25,1133723.25,0.001625,0.0023
2026-05-14,185490,4,160,687,288,63,197225.2,197225.2,0.0015,0.0015
2026-05-15,109620,4,160,406,127,65,1044313.7,1044313.7,0.001,0.0049
2026-05-16,143280,3,120,398,172,59,1003665.76,1003665.76,0.001,0.0025
2026-05-17,113940,4,160,422,150,72,1048111.36,1048111.36,0.002,0.0047
2026-05-18,164160,4,160,608,303,66,846945.52,846945.52,0.0015,0.0033
2026-05-19,172530,4,160,639,192,306,239007.05,239007.05,0.006,0.0
2026-05-20,137430,4,160,509,188,102,472039.06,472039.06,0.003,0.0039
2026-05-21,90720,3,120,252,101,48,250541.98,250541.98,0.002,0.004
2026-05-22,83160,2,80,154,92,25,164729.55,164729.55,0.002,0.0065
2026-05-23,85860,4,160,318,121,42,106827.61,106827.61,0.002,0.0
2026-05-24,75870,4,160,281,99,70,226634.58,226634.58,0.002,0.0071
2026-05-25,106650,4,160,395,104,92,608278.42,608278.42,0.003,0.0051
2026-05-26,87750,4,160,325,104,74,74054.17,74054.17,0.002,0.0
2026-05-27,96930,4,160,359,131,75,93382.75,93382.75,0.002,0.0
2026-05-28,90360,3,120,251,129,42,2157822.63,2157822.63,0.005,0.008
2026-05-29,87480,3,120,243,70,130,656504.05,656504.05,0.01,0.0
2026-05-30,113940,4,160,422,155,61,151276.18,151276.18,0.005,0.0024
2026-05-31,115560,1,40,107,35,70,4799686.76,4799686.76,0.01,0.0
2026-06-01,167400,1,40,155,61,30,129578.98,129578.98,0.01,0.0
2026-06-02,96840,3,120,269,153,56,266130.27,266130.27,0.01,0.0074
2026-06-03,105840,2,80,196,98,56,111672.19,111672.19,0.01,0.0051
2026-06-04,88920,3,120,247,109,46,1389136.91,1389136.91,0.016186,0.0202
2026-06-05,103140,4,160,382,130,44,43494.04,43494.04,0.01484,0.0052
2026-06-06,93960,3,120,261,98,32,163636.17,163636.17,0.012023,0.0
2026-06-07,122040,4,160,452,146,63,104337.72,104337.72,0.013466,0.0022
2026-06-08,159300,4,160,590,105,73,720322.44,720322.44,0.016002,0.0034
2026-06-09,387990,4,160,1437,120,77,740912.36,740912.36,0.002915,0.0007
2026-06-10,570240,3,120,1584,119,39,577266.91,577266.91,0.002946,0.0
2026-06-11,274860,4,160,1018,145,60,533880.09,533880.09,0.01,0.002
2026-06-12,160560,3,120,446,107,41,51266.86,51266.86,0.005,0.0022
2026-06-13,99090,4,160,367,131,51,542558.87,542558.87,0.011233,0.0082
2026-06-14,83520,3,120,232,91,34,26465.07,26465.07,0.012326,0.0129
2026-06-15,153720,3,120,427,78,80,7851273.36,4123019.07,0.018349,0.0023
2026-06-16,549450,4,160,2035,84,42,1357791.53,1357791.53,0.006598,0.0
2026-06-17,623700,4,160,2310,177,36,9425403.35,435147.27,0.006641,0.0004
2026-06-18,574830,4,160,2129,123,57,1880510.78,1880510.78,0.00662,0.0005
2026-06-19,521640,1,40,483,45,19,695442.78,695442.78,0.006627,0.0
2026-06-20,254880,3,120,708,86,43,314094.03,314094.03,0.00673,0.0
2026-06-21,321840,3,120,894,92,35,210878.72,210878.72,0.006637,0.0022
2026-06-22,325620,4,160,1206,104,34,639078.35,639078.35,0.0067,0.0008
2026-06-23,210600,3,120,585,125,32,83824.51,83824.51,0.00686,0.0
2026-06-24,256680,3,120,713,95,40,3111119.73,3111119.73,0.006632,0.0
2026-06-25,937080,3,120,2603,100,43,1048601.9,1048601.9,0.005414,0.0004
2026-06-26,655920,3,120,1822,102,46,146518.87,146518.87,0.00654,0.0
2026-06-27,401040,3,120,1114,112,35,31348.99,31348.99,0.005439,0.0009
2026-06-28,406440,3,120,1129,112,39,220993.45,220993.45,0.005404,0.0009
2026-06-29,523440,3,120,1454,99,41,396449.92,396449.92,0.006149,0.0
2026-06-30,216000,3,120,600,89,39,585097.83,585097.83,0.011206,0.0017
2026-07-01,160920,3,120,447,91,36,178297.46,178297.46,0.011199,0.0
2026-07-02,140400,3,120,390,81,44,132027.57,132027.57,0.010101,0.0
2026-07-03,187920,4,160,696,165,59,200784.93,200784.93,0.01236,0.0
2026-07-04,175770,4,160,651,126,45,2086186.27,2086186.27,0.006653,0.0015
2026-07-05,255420,4,160,946,147,45,423986.52,423986.52,0.002,0.0
2026-07-06,765720,2,80,1418,56,31,233516.12,233516.12,0.001613,0.0014
2026-07-07,721800,3,120,2005,133,42,639770.55,639770.55,0.001594,0.0005
2026-07-08,757890,4,160,2807,140,58,136513.03,136513.03,0.001584,0.0004
2026-07-09,837000,4,160,3100,179,67,158054.88,158054.88,0.001632,0.0003
2026-07-10,783000,4,160,2900,161,67,910784.7,910784.7,0.001647,0.0003
2026-07-11,453600,4,160,1680,125,50,228373.1,228373.1,0.002423,0.0
2026-07-12,460440,3,120,1279,115,38,172022.59,172022.59,0.003563,0.0016
2026-07-13,1768680,3,120,4913,184,53,1218088.86,1218088.86,0.006403,0.0
2026-07-14,756360,3,120,2101,126,52,98002.2,98002.2,0.003749,0.0005
2026-07-15,197640,1,40,183,52,32,114410.22,114410.22,0.01,0.0055
2026-07-16,219240,4,160,812,135,70,812310.01,812310.01,0.01218,0.0012
2026-07-17,198000,3,120,550,110,46,632437.57,632437.57,0.00642,0.0
2026-07-18,141480,3,120,393,91,55,364795.32,364795.32,0.015217,0.0025
2026-07-19,148500,4,160,550,147,66,133070.72,133070.72,0.012323,0.0
2026-07-20,180360,3,120,501,101,51,754789.64,754789.64,0.015238,0.004
2026-07-21,179820,4,160,666,113,57,8204049.27,490419.27,0.012287,0.0
2026-07-22,206280,3,120,573,110,47,5749802.91,338038.72,0.012558,0.0017
2026-07-23,158400,3,120,440,81,38,468580.76,468580.76,0.008507,0.0023
2026-07-24,177120,3,120,492,83,47,367667.75,367667.75,0.014826,0.002
2026-07-25,207900,2,80,385,52,30,132537.43,132537.43,0.012411,0.0026
2026-07-26,170280,3,120,473,65,43,48807.4,48807.4,0.01,0.0021
2026-07-27,179640,3,120,499,111,45,176525.49,176525.49,0.01,0.002
2026-07-28,179280,2,80,332,77,41,300528.54,300528.54,0.01,0.0
2026-07-29,194940,2,80,361,63,38,87889.3,87889.3,0.012626,0.0028
2026-07-30,138780,4,160,514,69,53,5569530.56,5569530.56,0.0126,0.0
2026-07-31,143100,2,80,265,61,28,123905.52,123905.52,0.007601,0.0
2026-08-01,126360,2,80,234,65,26,28562.57,28562.57,0.01,0.0
2026-08-02,125280,3,120,348,61,27,335432.05,335432.05,0.01,0.0029
2026-08-03,211680,2,80,392,61,35,782058.22,782058.22,0.013334,0.0
2026-08-04,166860,4,160,618,71,37,1089261.04,1089261.04,0.01,0.0032
2026-08-05,198720,4,160,736,164,36,1168997.53,1168997.53,0.002,0.0
2026-08-06,157410,4,160,583,115,49,697827.54,697827.54,0.007792,0.0069
2026-08-07,237960,3,120,661,101,39,56959.02,56959.02,0.011138,0.0015
2026-08-08,144180,4,160,534,86,31,136366.95,136366.95,0.00587,0.0
2026-08-09,137700,4,160,510,94,38,304638.83,304638.83,0.006,0.002
2026-08-10,441990,4,160,1637,124,57,195939.87,195939.87,0.006044,0.0
2026-08-11,160560,3,120,446,91,36,5449624.06,64024.06,0.017595,0.0
2026-08-12,157320,3,120,437,99,51,218212.71,218212.71,0.006,0.0023
2026-08-13,387000,3,120,1075,105,37,978986.84,978986.84,0.005871,0.0
2026-08-14,203040,3,120,564,118,37,201309.48,201309.48,0.005207,0.0
2026-08-15,207900,2,80,385,77,31,57774.77,57774.77,0.002,0.0
2026-08-16,343800,3,120,955,97,37,796665.6,796665.6,0.005512,0.0
2026-08-17,986400,3,120,2740,134,40,395211.44,395211.44,0.005766,0.0
2026-08-18,1201770,4,160,4451,122,75,1614507.68,1614507.68,0.00575,0.0
2026-08-19,775440,3,120,2154,95,42,785913.0,785913.0,0.00571,0.0005
2026-08-20,450630,4,160,1669,155,71,941428.63,941428.63,0.006,0.0006
2026-08-21,134640,3,120,374,112,44,884920.67,884920.67,0.006,0.0027
2026-08-22,133920,1,40,124,66,25,2228898.62,2228898.62,0.002,0.0081
2026-08-23,106380,2,80,197,88,23,39840.55,39840.55,0.002,0.0
2026-08-24,62640,1,40,58,35,17,62387.8,62387.8,0.006,0.0
2026-08-25,105300,4,160,390,184,50,5273767.39,936217.39,0.003607,0.0205
2026-08-26,77760,3,120,216,96,39,325150.25,325150.25,0.006,0.0
2026-08-27,79920,3,120,222,100,34,1488753.43,1488753.43,0.002,0.0045
2026-08-28,109800,3,120,305,111,40,4024766.73,244766.73,0.005,0.0033
2026-08-29,130950,4,160,485,103,43,353718.28,353718.28,0.002,0.0021
2026-08-30,118080,3,120,328,97,34,336047.23,336047.23,0.0025,0.003
2026-08-31,61200,3,120,170,72,41,104168.31,104168.31,0.01,0.0
2026-09-01,68310,4,160,253,129,35,428886.18,428886.18,0.01,0.0
2026-09-02,115560,2,80,214,98,63,827190.16,827190.16,0.01,0.0
2026-09-03,133380,4,160,494,140,41,112976.4,112976.4,0.01,0.004
2026-09-04,91260,2,80,169,76,29,279501.41,279501.41,0.004,0.0
2026-09-05,114210,4,160,423,166,45,941579.13,941579.13,0.0025,0.0
2026-09-06,62910,4,160,233,116,36,4541158.0,555751.06,0.01,0.0086
2026-09-07,104760,3,120,291,109,39,2978334.74,2978334.74,0.002,0.0
2026-09-08,127980,4,160,474,178,70,212336.69,212336.69,0.002,0.0
2026-09-09,83700,4,160,310,161,68,3249813.08,486712.16,0.02,0.0
2026-09-10,63450,4,160,235,113,50,2185525.54,2185525.54,0.01,0.0
2026-09-11,86940,4,160,322,118,72,478381.39,478381.39,0.015,0.0031
2026-09-12,61920,3,120,172,56,26,3782119.34,3782119.34,0.02,0.0
2026-09-13,112320,4,160,416,130,42,1137254.23,1137254.23,0.02,0.0072
2026-09-14,68580,4,160,254,84,49,2500997.25,2500997.25,0.002,0.0118
2026-09-15,104220,2,80,193,77,47,153095.94,153095.94,0.003,0.0
2026-09-16,77760,2,80,144,56,29,772952.57,772952.57,0.002,0.0139
2026-09-17,88830,4,160,329,130,43,152723.76,152723.76,0.003925,0.003
2026-09-18,68760,3,120,191,77,37,1314383.97,1314383.97,0.02,0.0
2026-09-19,103140,2,80,191,63,28,109705.71,109705.71,0.02,0.0052
2026-09-20,108000,4,160,400,123,36,459882.51,459882.51,0.02,0.0
2026-09-21,61560,3,120,171,78,32,2952568.6,2952568.6,0.01,0.0058
2026-09-22,50760,4,160,188,86,48,99650.24,99650.24,0.01,0.0106
2026-09-23,65340,2,80,121,38,73,1799238.17,1799238.17,0.01,0.0
2026-09-24,74880,3,120,208,83,36,278907.73,278907.73,0.005519,0.0048
2026-09-25,77490,4,160,287,104,53,642020.2,642020.2,0.005,0.007
2026-09-26,118530,4,160,439,156,74,622081.89,622081.89,0.01,0.0023
2026-09-27,100080,3,120,278,109,33,221568.68,221568.68,0.02,0.0
2026-09-28,100800,3,120,280,130,69,2639358.04,2639358.04,0.02,0.0071
2026-09-29,95760,3,120,266,64,39,173070.26,173070.26,0.02,0.0038
2026-09-30,140400,4,160,520,213,168,3509681.6,3509681.6,0.161488,0.0019
2026-10-01,117720,2,80,218,63,40,123510.49,123510.49,0.01,0.0
2026-10-02,84510,4,160,313,86,67,1034061.76,1034061.76,0.01,0.0064
2026-10-03,146880,2,80,272,118,36,8405673.76,305673.76,0.005,0.0037
2026-10-04,186480,3,120,518,115,44,97416.81,97416.81,0.005,0.0
2026-10-05,86400,3,120,240,110,47,526470.81,526470.81,0.01,0.0083
2026-10-06,99000,3,120,275,118,72,14460309.72,60309.72,0.01,0.0036
2026-10-07,117720,3,120,327,112,68,3612332.62,3612332.62,0.01,0.0
